position,title,description,url
0,Let's Try - Elden Ring PC #1,"Let's _try_ because, man...the stuttering and frame drops are real!  Check out The Preacher Plays Elden Ring Blind LP: https://www.youtube.com/playlist?list=PL3i528PCsSRMiIxmBmfDTJrbSCtyVBYOA   Check out BlueLizardJello Elden Ring Blind LP: https://www.youtube.com/watch?v=50AwrX_t1Ig&list=PLcdPu6JrcV8QWKcMARNyRjvhitTxxp5Mh #eldenring #eldenringgameplay",https://www.youtube.com/watch?v=yZK3HDXrMQA
1,Let's Try - Elden Ring PC #2,"The stuttering hasn't stopped, but the person I made this video for (hi Alex) said they enjoyed it enough to want to see more.  Check out The Preacher Plays Elden Ring Blind LP: https://www.youtube.com/playlist?list=PL3i528PCsSRMiIxmBmfDTJrbSCtyVBYOA   Check out BlueLizardJello Elden Ring Blind LP: https://www.youtube.com/watch?v=50AwrX_t1Ig&list=PLcdPu6JrcV8QWKcMARNyRjvhitTxxp5Mh #eldenring #eldenringgameplay",https://www.youtube.com/watch?v=fhtbJ-XI9CI
2,Let's Try - Elden Ring PC #3,Somehow the frame drops are getting worse.  Check out The Preacher Plays Elden Ring Blind LP: https://www.youtube.com/playlist?list=PL3i528PCsSRMiIxmBmfDTJrbSCtyVBYOA   Check out BlueLizardJello Elden Ring Blind LP: https://www.youtube.com/watch?v=50AwrX_t1Ig&list=PLcdPu6JrcV8QWKcMARNyRjvhitTxxp5Mh #eldenring #eldenringgameplay,https://www.youtube.com/watch?v=Vigw0aXhsgU
3,Let's Try - Elden Ring PC #4,"This is going to be the last video until either I fix it, or From Software patches the game, I just can't play like this. Driving me nuts.  Check out The Preacher Plays Elden Ring Blind LP: https://www.youtube.com/playlist?list=PL3i528PCsSRMiIxmBmfDTJrbSCtyVBYOA   Check out BlueLizardJello Elden Ring Blind LP: https://www.youtube.com/watch?v=50AwrX_t1Ig&list=PLcdPu6JrcV8QWKcMARNyRjvhitTxxp5Mh #eldenring #eldenringgameplay",https://www.youtube.com/watch?v=7ZO1tJcxvt8
4,Let's Play - Elden Ring PC #5,"Patch v1.0.4 seems to have fixed the issues I was having.  Other things I did:  - Update my BIOS (it was a few versions behind) - Update my video driver to latest Game Ready one - Disable power management on every USB device everywhere - Disable USB Selective Suspend setting - Modify game settings so that it could ""automatically choose quality""  This might be OK now. Let's find out together I guess.  If the stutters return as bad as they were before, mission will be aborted. Otherwise, this will hopefully be a fun LP.  Check out The Preacher Plays Elden Ring Blind LP: https://www.youtube.com/playlist?list=PL3i528PCsSRMiIxmBmfDTJrbSCtyVBYOA   Check out BlueLizardJello Elden Ring Blind LP: https://www.youtube.com/watch?v=50AwrX_t1Ig&list=PLcdPu6JrcV8QWKcMARNyRjvhitTxxp5Mh #eldenring #eldenringgameplay",https://www.youtube.com/watch?v=hR0Z0chLFGI
5,Let's Play - Elden Ring PC #6,"Continuing where we left off in the Limgrave Tunnels, we quickly change our plans, as I babble about random things.  Check out The Preacher Plays Elden Ring Blind LP: https://www.youtube.com/playlist?list=PL3i528PCsSRMiIxmBmfDTJrbSCtyVBYOA   Check out BlueLizardJello Elden Ring Blind LP: https://www.youtube.com/watch?v=50AwrX_t1Ig&list=PLcdPu6JrcV8QWKcMARNyRjvhitTxxp5Mh #eldenring #eldenringgameplay",https://www.youtube.com/watch?v=_bcnMdLtXcA
6,Let's Play - Elden Ring PC #7,"*facepalm*  The first half of this video is missing because I forgot to switch to the game source in OBS. I explain this in the video.  The last half includes the boss fight. Luckily when I had an issue with the XBox controller disconnecting I did switch back to the game... :D  BUT!  We do clear out Stormfoot Catacombs, and take on the creepy cat boss.  Anyway... sorry.  Check out The Preacher Plays Elden Ring Blind LP: https://www.youtube.com/playlist?list=PL3i528PCsSRMiIxmBmfDTJrbSCtyVBYOA   Check out BlueLizardJello Elden Ring Blind LP: https://www.youtube.com/watch?v=50AwrX_t1Ig&list=PLcdPu6JrcV8QWKcMARNyRjvhitTxxp5Mh #eldenring #eldenringgameplay",https://www.youtube.com/watch?v=jeB94XwoTjs
7,Let's Play - Elden Ring PC #8,What folly. smh  Check out The Preacher Plays Elden Ring Blind LP: https://www.youtube.com/playlist?list=PL3i528PCsSRMiIxmBmfDTJrbSCtyVBYOA   Check out BlueLizardJello Elden Ring Blind LP: https://www.youtube.com/watch?v=50AwrX_t1Ig&list=PLcdPu6JrcV8QWKcMARNyRjvhitTxxp5Mh #eldenring #eldenringgameplay,https://www.youtube.com/watch?v=EAr1Ww_otc8
8,Let's Play - Elden Ring PC #9,"Still experiencing a little technical difficulties. I'm not sure WTF is going on, but I managed to at least clear out a dungeon.  Thanks for watching and for your patience.  Check out The Preacher Plays Elden Ring Blind LP: https://www.youtube.com/playlist?list=PL3i528PCsSRMiIxmBmfDTJrbSCtyVBYOA   Check out BlueLizardJello Elden Ring Blind LP: https://www.youtube.com/watch?v=50AwrX_t1Ig&list=PLcdPu6JrcV8QWKcMARNyRjvhitTxxp5Mh #eldenring #eldenringgameplay",https://www.youtube.com/watch?v=Gk2CD_ReQjs
9,Let's Play - Elden Ring PC #10,"OK so we are at episode 10. I'm running into issues here and there, but this seems like it will stabilize. I am sorry for the video quality of this episode because I was trying new settings in OBS.   I was using what I thought was 8000 Kbps for recording, but I had modified the Streaming tab, not the Recording one, so yeah.  I finally settled on 12000 Kbps. That seems like a good CBR for not eating my entire disk and still making the videos look nice.  Also I figured out the darkness issue - it was the color range in OBS. Man! We'll get it yet.  Check out The Preacher Plays Elden Ring Blind LP: https://www.youtube.com/playlist?list=PL3i528PCsSRMiIxmBmfDTJrbSCtyVBYOA   Check out BlueLizardJello Elden Ring Blind LP: https://www.youtube.com/watch?v=50AwrX_t1Ig&list=PLcdPu6JrcV8QWKcMARNyRjvhitTxxp5Mh #eldenring #eldenringgameplay",https://www.youtube.com/watch?v=tz6a5pwxwro
10,Let's Play - Elden Ring PC #12,"Meeting more folks at the Roundtable Hold, and puttering about some ruins.  Check out The Preacher Plays Elden Ring Blind LP: https://www.youtube.com/playlist?list=PL3i528PCsSRMiIxmBmfDTJrbSCtyVBYOA   Check out BlueLizardJello Elden Ring Blind LP: https://www.youtube.com/watch?v=50AwrX_t1Ig&list=PLcdPu6JrcV8QWKcMARNyRjvhitTxxp5Mh #eldenring #eldenringgameplay",https://www.youtube.com/watch?v=KfnV83RkCGw
11,Let's Play - Elden Ring PC #11,In this episode we discover some new friends at the Roundtable Hold!  Check out The Preacher Plays Elden Ring Blind LP: https://www.youtube.com/playlist?list=PL3i528PCsSRMiIxmBmfDTJrbSCtyVBYOA   Check out BlueLizardJello Elden Ring Blind LP: https://www.youtube.com/watch?v=50AwrX_t1Ig&list=PLcdPu6JrcV8QWKcMARNyRjvhitTxxp5Mh #eldenring #eldenringgameplay,https://www.youtube.com/watch?v=r8imiK4oXX0
12,Let's Play - Elden Ring PC #13,"Less afraid and more experienced than we were before, to the Limgrave Tunnels we return!  Check out The Preacher Plays Elden Ring Blind LP: https://www.youtube.com/playlist?list=PL3i528PCsSRMiIxmBmfDTJrbSCtyVBYOA   Check out BlueLizardJello Elden Ring Blind LP: https://www.youtube.com/watch?v=50AwrX_t1Ig&list=PLcdPu6JrcV8QWKcMARNyRjvhitTxxp5Mh #eldenring #eldenringgameplay",https://www.youtube.com/watch?v=FVhTyWwk__s
13,Let's Play - Elden Ring PC #14,"Rambling nerd ahead, use caution. Beware of bad metaphors and awkward pauses.  ThePreacherPlays Elden Ring - https://www.youtube.com/playlist?list=PL3i528PCsSRMiIxmBmfDTJrbSCtyVBYOA  BlueLizardJello Elden Ring - https://www.youtube.com/playlist?list=PLcdPu6JrcV8QWKcMARNyRjvhitTxxp5Mh  These are the two YouTubers I keep talking about in my videos. Definitely check them out!  Check out The Preacher Plays Elden Ring Blind LP: https://www.youtube.com/playlist?list=PL3i528PCsSRMiIxmBmfDTJrbSCtyVBYOA   Check out BlueLizardJello Elden Ring Blind LP: https://www.youtube.com/watch?v=50AwrX_t1Ig&list=PLcdPu6JrcV8QWKcMARNyRjvhitTxxp5Mh #eldenring #eldenringgameplay",https://www.youtube.com/watch?v=-PMcZqNKpEg
14,Let's Play - Elden Ring PC #15,"We go spelunking in some caves, and the struggle with the controller and the game itself seems to be back. I don't know what's going on but I'm going to persevere!  Check out The Preacher Plays Elden Ring Blind LP: https://www.youtube.com/playlist?list=PL3i528PCsSRMiIxmBmfDTJrbSCtyVBYOA   Check out BlueLizardJello Elden Ring Blind LP: https://www.youtube.com/watch?v=50AwrX_t1Ig&list=PLcdPu6JrcV8QWKcMARNyRjvhitTxxp5Mh #eldenring #eldenringgameplay",https://www.youtube.com/watch?v=jNdSl29oPxo
15,Let's Play - Elden Ring PC #16,A few odds and ends.  Check out The Preacher Plays Elden Ring Blind LP: https://www.youtube.com/playlist?list=PL3i528PCsSRMiIxmBmfDTJrbSCtyVBYOA   Check out BlueLizardJello Elden Ring Blind LP: https://www.youtube.com/watch?v=50AwrX_t1Ig&list=PLcdPu6JrcV8QWKcMARNyRjvhitTxxp5Mh #eldenring #eldenringgameplay,https://www.youtube.com/watch?v=3QIXOsoeTIs
16,Let's Play - Elden Ring PC #17,"The bridge of sacrifice is aptly named. Also, we meet a young maiden in distress and discover a new magic scroll which gives us access to glintstone pebble!  Check out The Preacher Plays Elden Ring Blind LP: https://www.youtube.com/playlist?list=PL3i528PCsSRMiIxmBmfDTJrbSCtyVBYOA   Check out BlueLizardJello Elden Ring Blind LP: https://www.youtube.com/watch?v=50AwrX_t1Ig&list=PLcdPu6JrcV8QWKcMARNyRjvhitTxxp5Mh #eldenring #eldenringgameplay",https://www.youtube.com/watch?v=Tj1799Pslqk
17,Let's Play - Elden Ring PC #18,Into the woods we go! What happens next you will have to watch to know :)  Check out The Preacher Plays Elden Ring Blind LP: https://www.youtube.com/playlist?list=PL3i528PCsSRMiIxmBmfDTJrbSCtyVBYOA   Check out BlueLizardJello Elden Ring Blind LP: https://www.youtube.com/watch?v=50AwrX_t1Ig&list=PLcdPu6JrcV8QWKcMARNyRjvhitTxxp5Mh #eldenring #eldenringgameplay,https://www.youtube.com/watch?v=8KRhQDh4w0w
18,Let's Play - Elden Ring PC #19,In vietnam he was 19. nah-nhahnnahahnhnannana19.  In Elden Ring he was mauled by bears.  Check out The Preacher Plays Elden Ring Blind LP: https://www.youtube.com/playlist?list=PL3i528PCsSRMiIxmBmfDTJrbSCtyVBYOA   Check out BlueLizardJello Elden Ring Blind LP: https://www.youtube.com/watch?v=50AwrX_t1Ig&list=PLcdPu6JrcV8QWKcMARNyRjvhitTxxp5Mh #eldenring #eldenringgameplay,https://www.youtube.com/watch?v=1AX52UCyzio
19,Let's Play - Elden Ring PC #20,Hey look! A  mushroom!  Check out The Preacher Plays Elden Ring Blind LP: https://www.youtube.com/playlist?list=PL3i528PCsSRMiIxmBmfDTJrbSCtyVBYOA   Check out BlueLizardJello Elden Ring Blind LP: https://www.youtube.com/watch?v=50AwrX_t1Ig&list=PLcdPu6JrcV8QWKcMARNyRjvhitTxxp5Mh #eldenring #eldenringgameplay,https://www.youtube.com/watch?v=HV73HEHgDlQ
20,Let's Play - Elden Ring PC #21,"Bloody finger, Yura, Reduvia, Patches!  Check out The Preacher Plays Elden Ring Blind LP: https://www.youtube.com/playlist?list=PL3i528PCsSRMiIxmBmfDTJrbSCtyVBYOA   Check out BlueLizardJello Elden Ring Blind LP: https://www.youtube.com/watch?v=50AwrX_t1Ig&list=PLcdPu6JrcV8QWKcMARNyRjvhitTxxp5Mh #eldenring #eldenringgameplay",https://www.youtube.com/watch?v=twA4G3jVprc
21,Let's Play - Elden Ring PC #23,High Road Cave  Check out The Preacher Plays Elden Ring Blind LP: https://www.youtube.com/playlist?list=PL3i528PCsSRMiIxmBmfDTJrbSCtyVBYOA   Check out BlueLizardJello Elden Ring Blind LP: https://www.youtube.com/watch?v=50AwrX_t1Ig&list=PLcdPu6JrcV8QWKcMARNyRjvhitTxxp5Mh #eldenring #eldenringgameplay,https://www.youtube.com/watch?v=Xzt2q9OVGDU
22,Let's Play - Elden Ring PC #22,"Exploration of Mistwood Forest, Recusiant Henricus, and a big sentinel.  Check out The Preacher Plays Elden Ring Blind LP: https://www.youtube.com/playlist?list=PL3i528PCsSRMiIxmBmfDTJrbSCtyVBYOA   Check out BlueLizardJello Elden Ring Blind LP: https://www.youtube.com/watch?v=50AwrX_t1Ig&list=PLcdPu6JrcV8QWKcMARNyRjvhitTxxp5Mh #eldenring #eldenringgameplay",https://www.youtube.com/watch?v=lud1eCA1GkM
23,Let's Play - Elden Ring PC #24,Scavenging and looting in Limgrave!  Check out The Preacher Plays Elden Ring Blind LP: https://www.youtube.com/playlist?list=PL3i528PCsSRMiIxmBmfDTJrbSCtyVBYOA   Check out BlueLizardJello Elden Ring Blind LP: https://www.youtube.com/watch?v=50AwrX_t1Ig&list=PLcdPu6JrcV8QWKcMARNyRjvhitTxxp5Mh #eldenring #eldenringgameplay,https://www.youtube.com/watch?v=147-VhjZLqs
24,Let's Play - Elden Ring PC #25,Stormfoot Catacombs  Check out The Preacher Plays Elden Ring Blind LP: https://www.youtube.com/playlist?list=PL3i528PCsSRMiIxmBmfDTJrbSCtyVBYOA   Check out BlueLizardJello Elden Ring Blind LP: https://www.youtube.com/watch?v=50AwrX_t1Ig&list=PLcdPu6JrcV8QWKcMARNyRjvhitTxxp5Mh #eldenring #eldenringgameplay,https://www.youtube.com/watch?v=39AyAtCk8Qc
25,Let's Play - Elden Ring PC #26,Limgrave exploration and fighting Agheel  Check out The Preacher Plays Elden Ring Blind LP: https://www.youtube.com/playlist?list=PL3i528PCsSRMiIxmBmfDTJrbSCtyVBYOA   Check out BlueLizardJello Elden Ring Blind LP: https://www.youtube.com/watch?v=50AwrX_t1Ig&list=PLcdPu6JrcV8QWKcMARNyRjvhitTxxp5Mh #eldenring #eldenringgameplay,https://www.youtube.com/watch?v=Zzwa1myFi2I
26,Let's Play - Elden Ring PC #27,Castle Stormveil and Margit The Fell  Check out The Preacher Plays Elden Ring Blind LP: https://www.youtube.com/playlist?list=PL3i528PCsSRMiIxmBmfDTJrbSCtyVBYOA   Check out BlueLizardJello Elden Ring Blind LP: https://www.youtube.com/watch?v=50AwrX_t1Ig&list=PLcdPu6JrcV8QWKcMARNyRjvhitTxxp5Mh #eldenring #eldenringgameplay,https://www.youtube.com/watch?v=Pv3-7TTPC6w
27,Let's Play - Elden Ring PC #28,Isle of Dragon Communion and Tarnished Finger Hunter  Check out The Preacher Plays Elden Ring Blind LP: https://www.youtube.com/playlist?list=PL3i528PCsSRMiIxmBmfDTJrbSCtyVBYOA   Check out BlueLizardJello Elden Ring Blind LP: https://www.youtube.com/watch?v=50AwrX_t1Ig&list=PLcdPu6JrcV8QWKcMARNyRjvhitTxxp5Mh #eldenring #eldenringgameplay,https://www.youtube.com/watch?v=VsydrEyvS1E
28,Let's Play - Elden Ring PC #29,Ugh Gaol Tunnel and the beginning of the Weeping Peninsula  Check out The Preacher Plays Elden Ring Blind LP: https://www.youtube.com/playlist?list=PL3i528PCsSRMiIxmBmfDTJrbSCtyVBYOA   Check out BlueLizardJello Elden Ring Blind LP: https://www.youtube.com/watch?v=50AwrX_t1Ig&list=PLcdPu6JrcV8QWKcMARNyRjvhitTxxp5Mh #eldenring #eldenringgameplay,https://www.youtube.com/watch?v=pmsMatPLKRM
29,Let's Play - Elden Ring PC #30,Now I know why they call it the Weeping Peninsula...  Check out The Preacher Plays Elden Ring Blind LP: https://www.youtube.com/playlist?list=PL3i528PCsSRMiIxmBmfDTJrbSCtyVBYOA   Check out BlueLizardJello Elden Ring Blind LP: https://www.youtube.com/watch?v=50AwrX_t1Ig&list=PLcdPu6JrcV8QWKcMARNyRjvhitTxxp5Mh #eldenring #eldenringgameplay,https://www.youtube.com/watch?v=ZdNZpEAUDRU
30,Let's Play - Elden Ring PC #31,Let's Get Impaled!  Check out The Preacher Plays Elden Ring Blind LP: https://www.youtube.com/playlist?list=PL3i528PCsSRMiIxmBmfDTJrbSCtyVBYOA   Check out BlueLizardJello Elden Ring Blind LP: https://www.youtube.com/watch?v=50AwrX_t1Ig&list=PLcdPu6JrcV8QWKcMARNyRjvhitTxxp5Mh #eldenring #eldenringgameplay,https://www.youtube.com/watch?v=_zIR6hEG1IY
31,Let's Play - Elden Ring PC #32 - Commentary Only,"Fleeing from the Impaler's Catacombs, Gray Worm continues exploring and revealing the Weeping Peninsula. --- There was a mishap with the audio and OBS for the original video.   Therefore, I have added commentary at the suggestion of some buddies (thanks blue/grackleflint/preacher).   This is at least better than silence.  Enjoy some of the OST as well, as I got the deluxe-turbo-9000 edition on steam which included the whole soundtrack. I guess that was lucky!  Check out The Preacher Plays Elden Ring Blind LP: https://www.youtube.com/playlist?list=PL3i528PCsSRMiIxmBmfDTJrbSCtyVBYOA   Check out BlueLizardJello Elden Ring Blind LP: https://www.youtube.com/watch?v=50AwrX_t1Ig&list=PLcdPu6JrcV8QWKcMARNyRjvhitTxxp5Mh #eldenring #eldenringgameplay",https://www.youtube.com/watch?v=ppuR_LJ-Bos
32,Let's Play - Elden Ring PC #33 - Commentary Only,"Gray Worm fully explores the south eastern section of the Weeping Peninsula. --- There was a mishap with the audio and OBS for the original video.   Therefore, I have added commentary at the suggestion of some buddies (thanks blue/grackleflint/preacher).   This is at least better than silence.  Enjoy some of the OST as well, as I got the deluxe-turbo-9000 edition on steam which included the whole soundtrack. I guess that was lucky!  Check out The Preacher Plays Elden Ring Blind LP: https://www.youtube.com/playlist?list=PL3i528PCsSRMiIxmBmfDTJrbSCtyVBYOA   Check out BlueLizardJello Elden Ring Blind LP: https://www.youtube.com/watch?v=50AwrX_t1Ig&list=PLcdPu6JrcV8QWKcMARNyRjvhitTxxp5Mh #eldenring #eldenringgameplay",https://www.youtube.com/watch?v=DdfTQvKQKPM
33,Let's Play - Elden Ring PC #34 - Commentary Only,"Castle Morne and its secrets await. --- There was a mishap with the audio and OBS for the original video.   Therefore, I have added commentary at the suggestion of some buddies (thanks blue/grackleflint/preacher).   This is at least better than silence.  Enjoy some of the OST as well, as I got the deluxe-turbo-9000 edition on steam which included the whole soundtrack. I guess that was lucky!  Check out The Preacher Plays Elden Ring Blind LP: https://www.youtube.com/playlist?list=PL3i528PCsSRMiIxmBmfDTJrbSCtyVBYOA   Check out BlueLizardJello Elden Ring Blind LP: https://www.youtube.com/watch?v=50AwrX_t1Ig&list=PLcdPu6JrcV8QWKcMARNyRjvhitTxxp5Mh #eldenring #eldenringgameplay",https://www.youtube.com/watch?v=S97VXi1cC-k
34,Let's Play - Elden Ring PC #35 - Commentary Only,"The conclusion of our Castle Morne adventure. --- There was a mishap with the audio and OBS for the original video.   Therefore, I have added commentary at the suggestion of some buddies (thanks blue/grackleflint/preacher).   This is at least better than silence.  Enjoy some of the OST as well, as I got the deluxe-turbo-9000 edition on steam which included the whole soundtrack. I guess that was lucky!  Check out The Preacher Plays Elden Ring Blind LP: https://www.youtube.com/playlist?list=PL3i528PCsSRMiIxmBmfDTJrbSCtyVBYOA   Check out BlueLizardJello Elden Ring Blind LP: https://www.youtube.com/watch?v=50AwrX_t1Ig&list=PLcdPu6JrcV8QWKcMARNyRjvhitTxxp5Mh #eldenring #eldenringgameplay",https://www.youtube.com/watch?v=PSOxC_VXdRc
35,Let's Play - Elden Ring PC #36,More weeping in the Weeping Peninsula  Check out The Preacher Plays Elden Ring Blind LP: https://www.youtube.com/playlist?list=PL3i528PCsSRMiIxmBmfDTJrbSCtyVBYOA   Check out BlueLizardJello Elden Ring Blind LP: https://www.youtube.com/watch?v=50AwrX_t1Ig&list=PLcdPu6JrcV8QWKcMARNyRjvhitTxxp5Mh #eldenring #eldenringgameplay,https://www.youtube.com/watch?v=Jcy03-Wdux4
36,Let's Play - Elden Ring PC #37,Gray Worm continues exploring the Weeping Peninsula around the villages and ruins.  Check out The Preacher Plays Elden Ring Blind LP: https://www.youtube.com/playlist?list=PL3i528PCsSRMiIxmBmfDTJrbSCtyVBYOA   Check out BlueLizardJello Elden Ring Blind LP: https://www.youtube.com/watch?v=50AwrX_t1Ig&list=PLcdPu6JrcV8QWKcMARNyRjvhitTxxp5Mh #eldenring #eldenringgameplay,https://www.youtube.com/watch?v=jkioVAP4QAI
37,Let's Play - Elden Ring PC #38,Gray Worm stumbles upon a tunnel possibly connected to Morne castle.  Check out The Preacher Plays Elden Ring Blind LP: https://www.youtube.com/playlist?list=PL3i528PCsSRMiIxmBmfDTJrbSCtyVBYOA   Check out BlueLizardJello Elden Ring Blind LP: https://www.youtube.com/watch?v=50AwrX_t1Ig&list=PLcdPu6JrcV8QWKcMARNyRjvhitTxxp5Mh #eldenring #eldenringgameplay,https://www.youtube.com/watch?v=NKUIBeMMPAY
38,Let's Play - Elden Ring PC #39,More Weeping Peninsula  Check out The Preacher Plays Elden Ring Blind LP: https://www.youtube.com/playlist?list=PL3i528PCsSRMiIxmBmfDTJrbSCtyVBYOA   Check out BlueLizardJello Elden Ring Blind LP: https://www.youtube.com/watch?v=50AwrX_t1Ig&list=PLcdPu6JrcV8QWKcMARNyRjvhitTxxp5Mh #eldenring #eldenringgameplay,https://www.youtube.com/watch?v=QKTrk8B15V8
39,Let's Play - Elden Ring PC #40,"Gray Worm continues exploring all the nooks and crannies of the Weeping Peninsula including the 4th Church of Marika, Tower of Return and upgrades his weapons.  Check out The Preacher Plays Elden Ring Blind LP: https://www.youtube.com/playlist?list=PL3i528PCsSRMiIxmBmfDTJrbSCtyVBYOA   Check out BlueLizardJello Elden Ring Blind LP: https://www.youtube.com/watch?v=50AwrX_t1Ig&list=PLcdPu6JrcV8QWKcMARNyRjvhitTxxp5Mh #eldenring #eldenringgameplay",https://www.youtube.com/watch?v=YGJZxFh40Co
40,Let's Play - Elden Ring PC #41,"Gray Worm continues to be a nuisance to the denizens of the Weeping Peninsula, leaving no stone unturned and terrorizing the sheep.  Check out The Preacher Plays Elden Ring Blind LP: https://www.youtube.com/playlist?list=PL3i528PCsSRMiIxmBmfDTJrbSCtyVBYOA   Check out BlueLizardJello Elden Ring Blind LP: https://www.youtube.com/watch?v=50AwrX_t1Ig&list=PLcdPu6JrcV8QWKcMARNyRjvhitTxxp5Mh #eldenring #eldenringgameplay",https://www.youtube.com/watch?v=D4ic_ZBASCI
41,Let's Play - Elden Ring PC #42,Tombsward Catacombs and the Minor Erd Tree!  Check out The Preacher Plays Elden Ring Blind LP: https://www.youtube.com/playlist?list=PL3i528PCsSRMiIxmBmfDTJrbSCtyVBYOA   Check out BlueLizardJello Elden Ring Blind LP: https://www.youtube.com/watch?v=50AwrX_t1Ig&list=PLcdPu6JrcV8QWKcMARNyRjvhitTxxp5Mh #eldenring #eldenringgameplay,https://www.youtube.com/watch?v=cKkYomne-0M
42,Let's Play - Elden Ring PC #43,"We explore the Fringefolk Heroes Grave and well, ...  Check out The Preacher Plays Elden Ring Blind LP: https://www.youtube.com/playlist?list=PL3i528PCsSRMiIxmBmfDTJrbSCtyVBYOA   Check out BlueLizardJello Elden Ring Blind LP: https://www.youtube.com/watch?v=50AwrX_t1Ig&list=PLcdPu6JrcV8QWKcMARNyRjvhitTxxp5Mh #eldenring #eldenringgameplay",https://www.youtube.com/watch?v=JE4B_5jzalU
43,Let's Play - Elden Ring PC #44,Storming Storm Veil Castle :)  Check out The Preacher Plays Elden Ring Blind LP: https://www.youtube.com/playlist?list=PL3i528PCsSRMiIxmBmfDTJrbSCtyVBYOA   Check out BlueLizardJello Elden Ring Blind LP: https://www.youtube.com/watch?v=50AwrX_t1Ig&list=PLcdPu6JrcV8QWKcMARNyRjvhitTxxp5Mh #eldenring #eldenringgameplay,https://www.youtube.com/watch?v=OXlgK1LaoRw
44,Let's Play - Elden Ring PC #45,"Exploring Castle Storm Veil, Crucible Knight Cheese and Rogier the Sorcerer!  Check out The Preacher Plays Elden Ring Blind LP: https://www.youtube.com/playlist?list=PL3i528PCsSRMiIxmBmfDTJrbSCtyVBYOA   Check out BlueLizardJello Elden Ring Blind LP: https://www.youtube.com/watch?v=50AwrX_t1Ig&list=PLcdPu6JrcV8QWKcMARNyRjvhitTxxp5Mh #eldenring #eldenringgameplay",https://www.youtube.com/watch?v=5VDrgypppis
45,Let's Play - Elden Ring PC #48,"Taking Stormveil Castle Courtyard as a sniper, cheesing a giant, ogre, lionbeast, and meeting Nepheli Loux  Check out The Preacher Plays Elden Ring Blind LP: https://www.youtube.com/playlist?list=PL3i528PCsSRMiIxmBmfDTJrbSCtyVBYOA   Check out BlueLizardJello Elden Ring Blind LP: https://www.youtube.com/watch?v=50AwrX_t1Ig&list=PLcdPu6JrcV8QWKcMARNyRjvhitTxxp5Mh #eldenring #eldenringgameplay",https://www.youtube.com/watch?v=3nB6XzMALv0
46,Let's Play - Elden Ring PC #49,Castle Stormveil and Godrick the Golden!  Check out The Preacher Plays Elden Ring Blind LP: https://www.youtube.com/playlist?list=PL3i528PCsSRMiIxmBmfDTJrbSCtyVBYOA   Check out BlueLizardJello Elden Ring Blind LP: https://www.youtube.com/watch?v=50AwrX_t1Ig&list=PLcdPu6JrcV8QWKcMARNyRjvhitTxxp5Mh #eldenring #eldenringgameplay,https://www.youtube.com/watch?v=45AcdXG_U4g
47,Let's Play - Elden Ring PC #47,Stormveil Castle Parkour with extra CHEESE  Check out The Preacher Plays Elden Ring Blind LP: https://www.youtube.com/playlist?list=PL3i528PCsSRMiIxmBmfDTJrbSCtyVBYOA   Check out BlueLizardJello Elden Ring Blind LP: https://www.youtube.com/watch?v=50AwrX_t1Ig&list=PLcdPu6JrcV8QWKcMARNyRjvhitTxxp5Mh #eldenring #eldenringgameplay,https://www.youtube.com/watch?v=093NXX9J_zA
48,Let's Play - Elden Ring PC #46,"Stormveil Castle exploration, Roderika, Spirit Tuning, and more!  Check out The Preacher Plays Elden Ring Blind LP: https://www.youtube.com/playlist?list=PL3i528PCsSRMiIxmBmfDTJrbSCtyVBYOA   Check out BlueLizardJello Elden Ring Blind LP: https://www.youtube.com/watch?v=50AwrX_t1Ig&list=PLcdPu6JrcV8QWKcMARNyRjvhitTxxp5Mh #eldenring #eldenringgameplay",https://www.youtube.com/watch?v=7oY9Mg85Els
49,Let's Play - Elden Ring PC #50,"Roundtable Hold and an audience with the Two Fingers, activating Godrick's Great Rune, and duplicating it and leveling up!  Check out The Preacher Plays Elden Ring Blind LP: https://www.youtube.com/playlist?list=PL3i528PCsSRMiIxmBmfDTJrbSCtyVBYOA   Check out BlueLizardJello Elden Ring Blind LP: https://www.youtube.com/watch?v=50AwrX_t1Ig&list=PLcdPu6JrcV8QWKcMARNyRjvhitTxxp5Mh #eldenring #eldenringgameplay",https://www.youtube.com/watch?v=6FonQgU7wuc
50,Let's Play - Elden Ring PC #51,"Grinding for runes, exploring a shortcut revealed to Grayworm in a dream, and getting a few more spells from Selen we return to Castle Stormveil to try and see if we can find what lurks beneath.  Check out The Preacher Plays Elden Ring Blind LP: https://www.youtube.com/playlist?list=PL3i528PCsSRMiIxmBmfDTJrbSCtyVBYOA   Check out BlueLizardJello Elden Ring Blind LP: https://www.youtube.com/watch?v=50AwrX_t1Ig&list=PLcdPu6JrcV8QWKcMARNyRjvhitTxxp5Mh #eldenring #eldenringgameplay",https://www.youtube.com/watch?v=8gs0T6stDdc
51,Let's Play - Elden Ring PC #52,"A prophetic dream has guided Gray Worm into the underbelly of Castle Stormveil, but the dream might actually be a nightmare! Also we begin our exploration of Liurnia and discover the topography of it's eastern section.  Check out The Preacher Plays Elden Ring Blind LP: https://www.youtube.com/playlist?list=PL3i528PCsSRMiIxmBmfDTJrbSCtyVBYOA   Check out BlueLizardJello Elden Ring Blind LP: https://www.youtube.com/watch?v=50AwrX_t1Ig&list=PLcdPu6JrcV8QWKcMARNyRjvhitTxxp5Mh #eldenring #eldenringgameplay",https://www.youtube.com/watch?v=P7TsnnThQpg
52,Let's Play - Elden Ring PC #54,Having just killed the Clean Rot Knight Grayworm seeks a reprieve in the calm and serene fields of Liurnia Lake East ... right...  Check out The Preacher Plays Elden Ring Blind LP: https://www.youtube.com/playlist?list=PL3i528PCsSRMiIxmBmfDTJrbSCtyVBYOA   Check out BlueLizardJello Elden Ring Blind LP: https://www.youtube.com/watch?v=50AwrX_t1Ig&list=PLcdPu6JrcV8QWKcMARNyRjvhitTxxp5Mh #eldenring #eldenringgameplay,https://www.youtube.com/watch?v=aUga5CgwLHk
53,Let's Play - Elden Ring PC #53,Stillwater Cave and another level.  Check out The Preacher Plays Elden Ring Blind LP: https://www.youtube.com/playlist?list=PL3i528PCsSRMiIxmBmfDTJrbSCtyVBYOA   Check out BlueLizardJello Elden Ring Blind LP: https://www.youtube.com/watch?v=50AwrX_t1Ig&list=PLcdPu6JrcV8QWKcMARNyRjvhitTxxp5Mh #eldenring #eldenringgameplay,https://www.youtube.com/watch?v=zEKR_om9Og8
54,Let's Play - Elden Ring PC #55,"Grayworm continues exploring Liurnia of the Lakes and discovers the Purified Ruins, an old friend, and a whole new section filled with possibilities and wonder!  Check out The Preacher Plays Elden Ring Blind LP: https://www.youtube.com/playlist?list=PL3i528PCsSRMiIxmBmfDTJrbSCtyVBYOA   Check out BlueLizardJello Elden Ring Blind LP: https://www.youtube.com/watch?v=50AwrX_t1Ig&list=PLcdPu6JrcV8QWKcMARNyRjvhitTxxp5Mh #eldenring #eldenringgameplay",https://www.youtube.com/watch?v=pC-ze-KUJ-k
55,Let's Play - Elden Ring PC #56,We explore the sunken Academy Gate Town and Raya Lucaria!  Check out The Preacher Plays Elden Ring Blind LP: https://www.youtube.com/playlist?list=PL3i528PCsSRMiIxmBmfDTJrbSCtyVBYOA   Check out BlueLizardJello Elden Ring Blind LP: https://www.youtube.com/watch?v=50AwrX_t1Ig&list=PLcdPu6JrcV8QWKcMARNyRjvhitTxxp5Mh #eldenring #eldenringgameplay,https://www.youtube.com/watch?v=bau3VRtp5Bk
56,Let's Play - Elden Ring PC #57,Puppet Problems at Gate Town!  Check out The Preacher Plays Elden Ring Blind LP: https://www.youtube.com/playlist?list=PL3i528PCsSRMiIxmBmfDTJrbSCtyVBYOA   Check out BlueLizardJello Elden Ring Blind LP: https://www.youtube.com/watch?v=50AwrX_t1Ig&list=PLcdPu6JrcV8QWKcMARNyRjvhitTxxp5Mh #eldenring #eldenringgameplay,https://www.youtube.com/watch?v=bvSCXiFY05A
57,Let's Play - Elden Ring PC #59,Fighting the Fire Monks and stumbling onto the Carian Study Hall.  Check out The Preacher Plays Elden Ring Blind LP: https://www.youtube.com/playlist?list=PL3i528PCsSRMiIxmBmfDTJrbSCtyVBYOA   Check out BlueLizardJello Elden Ring Blind LP: https://www.youtube.com/watch?v=50AwrX_t1Ig&list=PLcdPu6JrcV8QWKcMARNyRjvhitTxxp5Mh #eldenring #eldenringgameplay,https://www.youtube.com/watch?v=psYnb9oMyq0
58,Let's Play - Elden Ring PC #60,Down into the Ainsel River Well and into the Uhl Palace Ruins.  Check out The Preacher Plays Elden Ring Blind LP: https://www.youtube.com/playlist?list=PL3i528PCsSRMiIxmBmfDTJrbSCtyVBYOA   Check out BlueLizardJello Elden Ring Blind LP: https://www.youtube.com/watch?v=50AwrX_t1Ig&list=PLcdPu6JrcV8QWKcMARNyRjvhitTxxp5Mh #eldenring #eldenringgameplay,https://www.youtube.com/watch?v=i1VLxDdAusc
59,Let's Play - Elden Ring PC #58,Taking on the Liurnia Mariner with D and blinding a Dragon Knight Cultist to steal his stuff!  Check out The Preacher Plays Elden Ring Blind LP: https://www.youtube.com/playlist?list=PL3i528PCsSRMiIxmBmfDTJrbSCtyVBYOA   Check out BlueLizardJello Elden Ring Blind LP: https://www.youtube.com/watch?v=50AwrX_t1Ig&list=PLcdPu6JrcV8QWKcMARNyRjvhitTxxp5Mh #eldenring #eldenringgameplay,https://www.youtube.com/watch?v=DzTjf3li7gM
60,Let's Play - Elden Ring PC #61,More Ainsel River underground exploration and looting.  Check out The Preacher Plays Elden Ring Blind LP: https://www.youtube.com/playlist?list=PL3i528PCsSRMiIxmBmfDTJrbSCtyVBYOA   Check out BlueLizardJello Elden Ring Blind LP: https://www.youtube.com/watch?v=50AwrX_t1Ig&list=PLcdPu6JrcV8QWKcMARNyRjvhitTxxp5Mh #eldenring #eldenringgameplay,https://www.youtube.com/watch?v=b28kyW2nCjY
61,Let's Play - Elden Ring PC #62,Finishing up Ainsel River (almost) and revisiting the Siofra River Well in Limgrave.  Check out The Preacher Plays Elden Ring Blind LP: https://www.youtube.com/playlist?list=PL3i528PCsSRMiIxmBmfDTJrbSCtyVBYOA   Check out BlueLizardJello Elden Ring Blind LP: https://www.youtube.com/watch?v=50AwrX_t1Ig&list=PLcdPu6JrcV8QWKcMARNyRjvhitTxxp5Mh #eldenring #eldenringgameplay,https://www.youtube.com/watch?v=IcID3dib-yI
62,Let's Play - Elden Ring PC #66,Scavenging and Looting Siofra River trying to get all the loot!  Check out The Preacher Plays Elden Ring Blind LP: https://www.youtube.com/playlist?list=PL3i528PCsSRMiIxmBmfDTJrbSCtyVBYOA   Check out BlueLizardJello Elden Ring Blind LP: https://www.youtube.com/watch?v=50AwrX_t1Ig&list=PLcdPu6JrcV8QWKcMARNyRjvhitTxxp5Mh #eldenring #eldenringgameplay,https://www.youtube.com/watch?v=jJg8rV5gAFM
63,Let's Play - Elden Ring PC #63,Exploring the Siofra River with Grayworm.  Check out The Preacher Plays Elden Ring Blind LP: https://www.youtube.com/playlist?list=PL3i528PCsSRMiIxmBmfDTJrbSCtyVBYOA   Check out BlueLizardJello Elden Ring Blind LP: https://www.youtube.com/watch?v=50AwrX_t1Ig&list=PLcdPu6JrcV8QWKcMARNyRjvhitTxxp5Mh #eldenring #eldenringgameplay,https://www.youtube.com/watch?v=qnAKi953uXo
64,Let's Play - Elden Ring PC #65,Ancestral Spirit and an elevator to a bad place!  Check out The Preacher Plays Elden Ring Blind LP: https://www.youtube.com/playlist?list=PL3i528PCsSRMiIxmBmfDTJrbSCtyVBYOA   Check out BlueLizardJello Elden Ring Blind LP: https://www.youtube.com/watch?v=50AwrX_t1Ig&list=PLcdPu6JrcV8QWKcMARNyRjvhitTxxp5Mh #eldenring #eldenringgameplay,https://www.youtube.com/watch?v=-nJOi8NIqy0
65,Let's Play - Elden Ring PC #64,Lighting the Torches to access the Hallow Horn Grounds.  Check out The Preacher Plays Elden Ring Blind LP: https://www.youtube.com/playlist?list=PL3i528PCsSRMiIxmBmfDTJrbSCtyVBYOA   Check out BlueLizardJello Elden Ring Blind LP: https://www.youtube.com/watch?v=50AwrX_t1Ig&list=PLcdPu6JrcV8QWKcMARNyRjvhitTxxp5Mh #eldenring #eldenringgameplay,https://www.youtube.com/watch?v=fqzEnj3mmK0
66,Let's Play - Elden Ring PC #67,Church of Vows with Turtle Pope Muriel and the Uld Palace Ruins.  Check out The Preacher Plays Elden Ring Blind LP: https://www.youtube.com/playlist?list=PL3i528PCsSRMiIxmBmfDTJrbSCtyVBYOA   Check out BlueLizardJello Elden Ring Blind LP: https://www.youtube.com/watch?v=50AwrX_t1Ig&list=PLcdPu6JrcV8QWKcMARNyRjvhitTxxp5Mh #eldenring #eldenringgameplay,https://www.youtube.com/watch?v=2p77c-S9sWE
67,Let's Play - Elden Ring PC #68,Clearing the Black Knife Catacombs.  Check out The Preacher Plays Elden Ring Blind LP: https://www.youtube.com/playlist?list=PL3i528PCsSRMiIxmBmfDTJrbSCtyVBYOA   Check out BlueLizardJello Elden Ring Blind LP: https://www.youtube.com/watch?v=50AwrX_t1Ig&list=PLcdPu6JrcV8QWKcMARNyRjvhitTxxp5Mh #eldenring #eldenringgameplay,https://www.youtube.com/watch?v=F6xeqGsabk0
68,Let's Play - Elden Ring PC #69,Fighting the Bosses in the Black Knife Catacombs and trying to get revenge on the Ancestral Spirit Archers in Uld Palace Ruins.  Check out The Preacher Plays Elden Ring Blind LP: https://www.youtube.com/playlist?list=PL3i528PCsSRMiIxmBmfDTJrbSCtyVBYOA   Check out BlueLizardJello Elden Ring Blind LP: https://www.youtube.com/watch?v=50AwrX_t1Ig&list=PLcdPu6JrcV8QWKcMARNyRjvhitTxxp5Mh #eldenring #eldenringgameplay,https://www.youtube.com/watch?v=Q4nIYaXcQ_Q
69,Let's Play - Elden Ring PC #70,Gray worm finally gets revenge on the sniping ancestors.  Check out The Preacher Plays Elden Ring Blind LP: https://www.youtube.com/playlist?list=PL3i528PCsSRMiIxmBmfDTJrbSCtyVBYOA   Check out BlueLizardJello Elden Ring Blind LP: https://www.youtube.com/watch?v=50AwrX_t1Ig&list=PLcdPu6JrcV8QWKcMARNyRjvhitTxxp5Mh #eldenring #eldenringgameplay,https://www.youtube.com/watch?v=CltJe-79BcU
70,Let's Play - Elden Ring PC #71,Exploration near the mausoleums yields... something!  Check out The Preacher Plays Elden Ring Blind LP: https://www.youtube.com/playlist?list=PL3i528PCsSRMiIxmBmfDTJrbSCtyVBYOA   Check out BlueLizardJello Elden Ring Blind LP: https://www.youtube.com/watch?v=50AwrX_t1Ig&list=PLcdPu6JrcV8QWKcMARNyRjvhitTxxp5Mh #eldenring #eldenringgameplay,https://www.youtube.com/watch?v=PfiPPZDcXfA
71,Let's Play - Elden Ring PC #72,"Returning to a safer southern part of Liurnia, we stumble upon a new... friend?  Check out The Preacher Plays Elden Ring Blind LP: https://www.youtube.com/playlist?list=PL3i528PCsSRMiIxmBmfDTJrbSCtyVBYOA   Check out BlueLizardJello Elden Ring Blind LP: https://www.youtube.com/watch?v=50AwrX_t1Ig&list=PLcdPu6JrcV8QWKcMARNyRjvhitTxxp5Mh #eldenring #eldenringgameplay",https://www.youtube.com/watch?v=1He9QQV-wDs
72,Let's Play - Elden Ring PC #73,"Wouldn't you know it? Thinking we would be rid of him, he's back. Also Lakeside Crystal Cave awaits!  Check out The Preacher Plays Elden Ring Blind LP: https://www.youtube.com/playlist?list=PL3i528PCsSRMiIxmBmfDTJrbSCtyVBYOA   Check out BlueLizardJello Elden Ring Blind LP: https://www.youtube.com/watch?v=50AwrX_t1Ig&list=PLcdPu6JrcV8QWKcMARNyRjvhitTxxp5Mh #eldenring #eldenringgameplay",https://www.youtube.com/watch?v=BqO-u9rF9Qo
73,Let's Play - Elden Ring PC #74,"Gray worm chips away at the south western section of Liurnia, stumbling into an old friend in a scary and foreboding place of shadows.  Check out The Preacher Plays Elden Ring Blind LP: https://www.youtube.com/playlist?list=PL3i528PCsSRMiIxmBmfDTJrbSCtyVBYOA   Check out BlueLizardJello Elden Ring Blind LP: https://www.youtube.com/watch?v=50AwrX_t1Ig&list=PLcdPu6JrcV8QWKcMARNyRjvhitTxxp5Mh #eldenring #eldenringgameplay",https://www.youtube.com/watch?v=2WFc3OpnMxI
74,Let's Play - Elden Ring PC #78,"The Roads End Catacombs and a sneaky slimy shell-back jerk try to ruin Mr. Worm, Corey, and Trevor.  Check out The Preacher Plays Elden Ring Blind LP: https://www.youtube.com/playlist?list=PL3i528PCsSRMiIxmBmfDTJrbSCtyVBYOA   Check out BlueLizardJello Elden Ring Blind LP: https://www.youtube.com/watch?v=50AwrX_t1Ig&list=PLcdPu6JrcV8QWKcMARNyRjvhitTxxp5Mh #eldenring #eldenringgameplay",https://www.youtube.com/watch?v=8kB_Flpl5ug
75,Let's Play - Elden Ring PC #76,"The crew has a rematch in the village, later an unfriendly visitor attacks in the hold, and a necklace is returned to a lady of Volcano Manor.  Check out The Preacher Plays Elden Ring Blind LP: https://www.youtube.com/playlist?list=PL3i528PCsSRMiIxmBmfDTJrbSCtyVBYOA   Check out BlueLizardJello Elden Ring Blind LP: https://www.youtube.com/watch?v=50AwrX_t1Ig&list=PLcdPu6JrcV8QWKcMARNyRjvhitTxxp5Mh #eldenring #eldenringgameplay",https://www.youtube.com/watch?v=LClmroaKtqE
76,Let's Play - Elden Ring PC #77,Gah! A power outage caused by a snail! Gray worm continues his discovery of Liurnia and has to fight an old friend turned stranger from recent past and later Erd Tree shenanigans!  untrunc - fix power outage mp4 https://github.com/anthwlock/untrunc  Check out The Preacher Plays Elden Ring Blind LP: https://www.youtube.com/playlist?list=PL3i528PCsSRMiIxmBmfDTJrbSCtyVBYOA   Check out BlueLizardJello Elden Ring Blind LP: https://www.youtube.com/watch?v=50AwrX_t1Ig&list=PLcdPu6JrcV8QWKcMARNyRjvhitTxxp5Mh #eldenring #eldenringgameplay,https://www.youtube.com/watch?v=WYoi3gtB4tI
77,Let's Play - Elden Ring PC #75,Gray worm continues loitering in the Village of the Albinaurics and tries to avenge the village with a friend!  Check out The Preacher Plays Elden Ring Blind LP: https://www.youtube.com/playlist?list=PL3i528PCsSRMiIxmBmfDTJrbSCtyVBYOA   Check out BlueLizardJello Elden Ring Blind LP: https://www.youtube.com/watch?v=50AwrX_t1Ig&list=PLcdPu6JrcV8QWKcMARNyRjvhitTxxp5Mh #eldenring #eldenringgameplay,https://www.youtube.com/watch?v=VPwlFartM6U
78,Let's Play - Elden Ring PC #79,Exploring Academy Gatetown and the surrounding areas.  Check out The Preacher Plays Elden Ring Blind LP: https://www.youtube.com/playlist?list=PL3i528PCsSRMiIxmBmfDTJrbSCtyVBYOA   Check out BlueLizardJello Elden Ring Blind LP: https://www.youtube.com/watch?v=50AwrX_t1Ig&list=PLcdPu6JrcV8QWKcMARNyRjvhitTxxp5Mh #eldenring #eldenringgameplay,https://www.youtube.com/watch?v=fEN5l1jsW0M
79,Let's Play - Elden Ring PC #80,"Under Raya Lucaria Academy, Sorcerers Isle, and the Raya Lucaria Crystal Tunnels!  Check out The Preacher Plays Elden Ring Blind LP: https://www.youtube.com/playlist?list=PL3i528PCsSRMiIxmBmfDTJrbSCtyVBYOA   Check out BlueLizardJello Elden Ring Blind LP: https://www.youtube.com/watch?v=50AwrX_t1Ig&list=PLcdPu6JrcV8QWKcMARNyRjvhitTxxp5Mh #eldenring #eldenringgameplay",https://www.youtube.com/watch?v=KBIpbzBZKyA
80,Let's Play - Elden Ring PC #81,Raya Lucaria Crystal Tunnels and some old friends and new plans.  Check out The Preacher Plays Elden Ring Blind LP: https://www.youtube.com/playlist?list=PL3i528PCsSRMiIxmBmfDTJrbSCtyVBYOA   Check out BlueLizardJello Elden Ring Blind LP: https://www.youtube.com/watch?v=50AwrX_t1Ig&list=PLcdPu6JrcV8QWKcMARNyRjvhitTxxp5Mh #eldenring #eldenringgameplay,https://www.youtube.com/watch?v=EwFHUd7d7nk
81,Let's Play - Elden Ring PC #82,Exploring Liurnia and an accidental encounter that makes the world a better place.  Check out The Preacher Plays Elden Ring Blind LP: https://www.youtube.com/playlist?list=PL3i528PCsSRMiIxmBmfDTJrbSCtyVBYOA   Check out BlueLizardJello Elden Ring Blind LP: https://www.youtube.com/watch?v=50AwrX_t1Ig&list=PLcdPu6JrcV8QWKcMARNyRjvhitTxxp5Mh #eldenring #eldenringgameplay,https://www.youtube.com/watch?v=US_jsYGS9Yw
82,Let's Play - Elden Ring PC #83,Back to Castle Stormveil for some missed loot and REVENGE!  Check out The Preacher Plays Elden Ring Blind LP: https://www.youtube.com/playlist?list=PL3i528PCsSRMiIxmBmfDTJrbSCtyVBYOA   Check out BlueLizardJello Elden Ring Blind LP: https://www.youtube.com/watch?v=50AwrX_t1Ig&list=PLcdPu6JrcV8QWKcMARNyRjvhitTxxp5Mh #eldenring #eldenringgameplay,https://www.youtube.com/watch?v=Tg7WAfLOawE
83,Let's Play - Elden Ring PC #84,Back to the Fringefolk Heroes Grave for some missed loot and REVENGE!  Check out The Preacher Plays Elden Ring Blind LP: https://www.youtube.com/playlist?list=PL3i528PCsSRMiIxmBmfDTJrbSCtyVBYOA   Check out BlueLizardJello Elden Ring Blind LP: https://www.youtube.com/watch?v=50AwrX_t1Ig&list=PLcdPu6JrcV8QWKcMARNyRjvhitTxxp5Mh #eldenring #eldenringgameplay,https://www.youtube.com/watch?v=AbtcMuMO-CQ
84,Let's Play - Elden Ring  PC #85,Back to Limgrave to tie up some loose ends and get some more REVENGE!  Check out The Preacher Plays Elden Ring Blind LP: https://www.youtube.com/playlist?list=PL3i528PCsSRMiIxmBmfDTJrbSCtyVBYOA   Check out BlueLizardJello Elden Ring Blind LP: https://www.youtube.com/watch?v=50AwrX_t1Ig&list=PLcdPu6JrcV8QWKcMARNyRjvhitTxxp5Mh #eldenring #eldenringgameplay,https://www.youtube.com/watch?v=9GNkr1iWx9w
85,Let's Play - Elden Ring  PC #86,The Four Belfries and return to the Isle of Anticipation  Check out The Preacher Plays Elden Ring Blind LP: https://www.youtube.com/playlist?list=PL3i528PCsSRMiIxmBmfDTJrbSCtyVBYOA   Check out BlueLizardJello Elden Ring Blind LP: https://www.youtube.com/watch?v=50AwrX_t1Ig&list=PLcdPu6JrcV8QWKcMARNyRjvhitTxxp5Mh #eldenring #eldenringgameplay,https://www.youtube.com/watch?v=5DwcAPl7StA
86,Let's Play - Elden Ring  PC #87,Kingsrealm Ruins and meeting a new friend!  Check out The Preacher Plays Elden Ring Blind LP: https://www.youtube.com/playlist?list=PL3i528PCsSRMiIxmBmfDTJrbSCtyVBYOA   Check out BlueLizardJello Elden Ring Blind LP: https://www.youtube.com/watch?v=50AwrX_t1Ig&list=PLcdPu6JrcV8QWKcMARNyRjvhitTxxp5Mh #eldenring #eldenringgameplay,https://www.youtube.com/watch?v=AEs6cSuok0M
87,Let's Play - Elden Ring PC #88,Gray Worm gets held up at Royal Carian Manor!  Check out The Preacher Plays Elden Ring Blind LP: https://www.youtube.com/playlist?list=PL3i528PCsSRMiIxmBmfDTJrbSCtyVBYOA   Check out BlueLizardJello Elden Ring Blind LP: https://www.youtube.com/watch?v=50AwrX_t1Ig&list=PLcdPu6JrcV8QWKcMARNyRjvhitTxxp5Mh #eldenring #eldenringgameplay,https://www.youtube.com/watch?v=btLRadMe0D8
88,Let's Play - Elden Ring PC #96,Kung fu ogres atop the Altus Plateau while fleeing from a dragon into the Wyndham Catacombs  Check out The Preacher Plays Elden Ring Blind LP: https://www.youtube.com/playlist?list=PL3i528PCsSRMiIxmBmfDTJrbSCtyVBYOA   Check out BlueLizardJello Elden Ring Blind LP: https://www.youtube.com/watch?v=50AwrX_t1Ig&list=PLcdPu6JrcV8QWKcMARNyRjvhitTxxp5Mh #eldenring #eldenringgameplay,https://www.youtube.com/watch?v=Tpdms6dDNRc
89,Let's Play - Elden Ring PC #94,Potboys have more fun and a mountain-side ascent  Check out The Preacher Plays Elden Ring Blind LP: https://www.youtube.com/playlist?list=PL3i528PCsSRMiIxmBmfDTJrbSCtyVBYOA   Check out BlueLizardJello Elden Ring Blind LP: https://www.youtube.com/watch?v=50AwrX_t1Ig&list=PLcdPu6JrcV8QWKcMARNyRjvhitTxxp5Mh #eldenring #eldenringgameplay,https://www.youtube.com/watch?v=aM7Ey_ZW5TQ
90,Let's Play - Elden Ring PC #91,Caria Royal Manor 3 of 3 - Trying to clear the courtyards  Check out The Preacher Plays Elden Ring Blind LP: https://www.youtube.com/playlist?list=PL3i528PCsSRMiIxmBmfDTJrbSCtyVBYOA   Check out BlueLizardJello Elden Ring Blind LP: https://www.youtube.com/watch?v=50AwrX_t1Ig&list=PLcdPu6JrcV8QWKcMARNyRjvhitTxxp5Mh #eldenring #eldenringgameplay,https://www.youtube.com/watch?v=VUBgSN7kUAc
91,Let's Play - Elden Ring PC #92,"The Three Sisters, new and old friends, and an allegiance with a witch  Check out The Preacher Plays Elden Ring Blind LP: https://www.youtube.com/playlist?list=PL3i528PCsSRMiIxmBmfDTJrbSCtyVBYOA   Check out BlueLizardJello Elden Ring Blind LP: https://www.youtube.com/watch?v=50AwrX_t1Ig&list=PLcdPu6JrcV8QWKcMARNyRjvhitTxxp5Mh #eldenring #eldenringgameplay",https://www.youtube.com/watch?v=h-5oUEXnFOI
92,Let's Play - Elden Ring PC #89,Caria Royal Manor part 1 of 3  Check out The Preacher Plays Elden Ring Blind LP: https://www.youtube.com/playlist?list=PL3i528PCsSRMiIxmBmfDTJrbSCtyVBYOA   Check out BlueLizardJello Elden Ring Blind LP: https://www.youtube.com/watch?v=50AwrX_t1Ig&list=PLcdPu6JrcV8QWKcMARNyRjvhitTxxp5Mh #eldenring #eldenringgameplay,https://www.youtube.com/watch?v=ryOZK1vs4Ss
93,Let's Play - Elden Ring PC #95,Mountain-side ascent careful and steady until Magma Wyrm Makar  Check out The Preacher Plays Elden Ring Blind LP: https://www.youtube.com/playlist?list=PL3i528PCsSRMiIxmBmfDTJrbSCtyVBYOA   Check out BlueLizardJello Elden Ring Blind LP: https://www.youtube.com/watch?v=50AwrX_t1Ig&list=PLcdPu6JrcV8QWKcMARNyRjvhitTxxp5Mh #eldenring #eldenringgameplay,https://www.youtube.com/watch?v=0j2aaQ7TeqQ
94,Let's Play - Elden Ring PC #90,Caria Royal Manor 2 or 3 - Royal Knight Loretta and Pidia  Check out The Preacher Plays Elden Ring Blind LP: https://www.youtube.com/playlist?list=PL3i528PCsSRMiIxmBmfDTJrbSCtyVBYOA   Check out BlueLizardJello Elden Ring Blind LP: https://www.youtube.com/watch?v=50AwrX_t1Ig&list=PLcdPu6JrcV8QWKcMARNyRjvhitTxxp5Mh #eldenring #eldenringgameplay,https://www.youtube.com/watch?v=ddqCNrSs3gE
95,Let's Play - Elden Ring PC #93,In search of Blaidd and the the Ravine Veiled Village  Check out The Preacher Plays Elden Ring Blind LP: https://www.youtube.com/playlist?list=PL3i528PCsSRMiIxmBmfDTJrbSCtyVBYOA   Check out BlueLizardJello Elden Ring Blind LP: https://www.youtube.com/watch?v=50AwrX_t1Ig&list=PLcdPu6JrcV8QWKcMARNyRjvhitTxxp5Mh #eldenring #eldenringgameplay,https://www.youtube.com/watch?v=3IzzbK4NWR8
96,Let's Play - Elden Ring PC #98,Crashing at the Raya Lucaria Academy!  Check out The Preacher Plays Elden Ring Blind LP: https://www.youtube.com/playlist?list=PL3i528PCsSRMiIxmBmfDTJrbSCtyVBYOA   Check out BlueLizardJello Elden Ring Blind LP: https://www.youtube.com/watch?v=50AwrX_t1Ig&list=PLcdPu6JrcV8QWKcMARNyRjvhitTxxp5Mh #eldenring #eldenringgameplay,https://www.youtube.com/watch?v=CsndT5_J_Ws
97,Let's Play - Elden Ring PC #97,Wyndham oh Wyndham oh Why oh Wyndham Catacombs Die-a-lot-a-combs I wanna go home-acombs.  Check out The Preacher Plays Elden Ring Blind LP: https://www.youtube.com/playlist?list=PL3i528PCsSRMiIxmBmfDTJrbSCtyVBYOA   Check out BlueLizardJello Elden Ring Blind LP: https://www.youtube.com/watch?v=50AwrX_t1Ig&list=PLcdPu6JrcV8QWKcMARNyRjvhitTxxp5Mh #eldenring #eldenringgameplay,https://www.youtube.com/watch?v=GY1iWw7OwTc
98,Let's Play - Elden Ring PC #99,Gray worm goes to hell in an elevator and a death hug. HELP!  Check out The Preacher Plays Elden Ring Blind LP: https://www.youtube.com/playlist?list=PL3i528PCsSRMiIxmBmfDTJrbSCtyVBYOA   Check out BlueLizardJello Elden Ring Blind LP: https://www.youtube.com/watch?v=50AwrX_t1Ig&list=PLcdPu6JrcV8QWKcMARNyRjvhitTxxp5Mh #eldenring #eldenringgameplay,https://www.youtube.com/watch?v=kQr4zNBTRWg
99,Let's Play - Elden Ring PC #101,More Raya Lucaria Academy Exploration and Red Wolf of Radagon!  Check out The Preacher Plays Elden Ring Blind LP: https://www.youtube.com/playlist?list=PL3i528PCsSRMiIxmBmfDTJrbSCtyVBYOA   Check out BlueLizardJello Elden Ring Blind LP: https://www.youtube.com/watch?v=50AwrX_t1Ig&list=PLcdPu6JrcV8QWKcMARNyRjvhitTxxp5Mh #eldenring #eldenringgameplay,https://www.youtube.com/watch?v=cYFlUJNlq0U
100,Let's Play - Elden Ring PC #102,Exploring the Raya Lucaria Academy roof tops.  Check out The Preacher Plays Elden Ring Blind LP: https://www.youtube.com/playlist?list=PL3i528PCsSRMiIxmBmfDTJrbSCtyVBYOA   Check out BlueLizardJello Elden Ring Blind LP: https://www.youtube.com/watch?v=50AwrX_t1Ig&list=PLcdPu6JrcV8QWKcMARNyRjvhitTxxp5Mh #eldenring #eldenringgameplay,https://www.youtube.com/watch?v=dq3FAA9Xv-Y
101,Let's Play - Elden Ring PC #100,Raya Lucaria Academy Exploration!  Check out The Preacher Plays Elden Ring Blind LP: https://www.youtube.com/playlist?list=PL3i528PCsSRMiIxmBmfDTJrbSCtyVBYOA   Check out BlueLizardJello Elden Ring Blind LP: https://www.youtube.com/watch?v=50AwrX_t1Ig&list=PLcdPu6JrcV8QWKcMARNyRjvhitTxxp5Mh #eldenring #eldenringgameplay,https://www.youtube.com/watch?v=cfJiMS5NkBM
102,Let's Play - Elden Ring PC #103,Raya Lucaria Academy Final Boss!  Check out The Preacher Plays Elden Ring Blind LP: https://www.youtube.com/playlist?list=PL3i528PCsSRMiIxmBmfDTJrbSCtyVBYOA   Check out BlueLizardJello Elden Ring Blind LP: https://www.youtube.com/watch?v=50AwrX_t1Ig&list=PLcdPu6JrcV8QWKcMARNyRjvhitTxxp5Mh #eldenring #eldenringgameplay,https://www.youtube.com/watch?v=vgL2Lv-weMY
103,Let's Play - Elden Ring PC #104,"Nokron Belfry, running from an angry Guranq, and murdering militia.  Check out The Preacher Plays Elden Ring Blind LP: https://www.youtube.com/playlist?list=PL3i528PCsSRMiIxmBmfDTJrbSCtyVBYOA   Check out BlueLizardJello Elden Ring Blind LP: https://www.youtube.com/watch?v=50AwrX_t1Ig&list=PLcdPu6JrcV8QWKcMARNyRjvhitTxxp5Mh #eldenring #eldenringgameplay",https://www.youtube.com/watch?v=5p0GRfCamCg
104,Let's Play - Elden Ring PC #105,More militia murdering and Lenne's Rise.  Check out The Preacher Plays Elden Ring Blind LP: https://www.youtube.com/playlist?list=PL3i528PCsSRMiIxmBmfDTJrbSCtyVBYOA   Check out BlueLizardJello Elden Ring Blind LP: https://www.youtube.com/watch?v=50AwrX_t1Ig&list=PLcdPu6JrcV8QWKcMARNyRjvhitTxxp5Mh #eldenring #eldenringgameplay,https://www.youtube.com/watch?v=2QR9n-QJBIk
105,Let's Play - Elden Ring PC #106,"A little more militia murder, getting revenge, searching for trapped chests.  Check out The Preacher Plays Elden Ring Blind LP: https://www.youtube.com/playlist?list=PL3i528PCsSRMiIxmBmfDTJrbSCtyVBYOA   Check out BlueLizardJello Elden Ring Blind LP: https://www.youtube.com/watch?v=50AwrX_t1Ig&list=PLcdPu6JrcV8QWKcMARNyRjvhitTxxp5Mh #eldenring #eldenringgameplay",https://www.youtube.com/watch?v=egI86kHmbOI
106,Let's Play - Elden Ring PC #107,"Gael Tunnel, wrecked by the Magma Wyrm, Rotview Balcony in Caleid.  Check out The Preacher Plays Elden Ring Blind LP: https://www.youtube.com/playlist?list=PL3i528PCsSRMiIxmBmfDTJrbSCtyVBYOA   Check out BlueLizardJello Elden Ring Blind LP: https://www.youtube.com/watch?v=50AwrX_t1Ig&list=PLcdPu6JrcV8QWKcMARNyRjvhitTxxp5Mh #eldenring #eldenringgameplay",https://www.youtube.com/watch?v=gUWsc5Vsnpw
107,Let's Play - Elden Ring PC #108,"Running from terrifying beasts in the Caelid Wilds, and trying to get the map.  Check out The Preacher Plays Elden Ring Blind LP: https://www.youtube.com/playlist?list=PL3i528PCsSRMiIxmBmfDTJrbSCtyVBYOA   Check out BlueLizardJello Elden Ring Blind LP: https://www.youtube.com/watch?v=50AwrX_t1Ig&list=PLcdPu6JrcV8QWKcMARNyRjvhitTxxp5Mh #eldenring #eldenringgameplay",https://www.youtube.com/watch?v=25mgFpTvaU8
108,Let's Play - Elden Ring PC #109,Exploring Caleid trying to reach the cave.  Check out The Preacher Plays Elden Ring Blind LP: https://www.youtube.com/playlist?list=PL3i528PCsSRMiIxmBmfDTJrbSCtyVBYOA   Check out BlueLizardJello Elden Ring Blind LP: https://www.youtube.com/watch?v=50AwrX_t1Ig&list=PLcdPu6JrcV8QWKcMARNyRjvhitTxxp5Mh #eldenring #eldenringgameplay,https://www.youtube.com/watch?v=3xKFUT66Eoc
109,Let's Play - Elden Ring PC #110,Selia Crystal Tunnel and the a beast from another world.  Check out The Preacher Plays Elden Ring Blind LP: https://www.youtube.com/playlist?list=PL3i528PCsSRMiIxmBmfDTJrbSCtyVBYOA   Check out BlueLizardJello Elden Ring Blind LP: https://www.youtube.com/watch?v=50AwrX_t1Ig&list=PLcdPu6JrcV8QWKcMARNyRjvhitTxxp5Mh #eldenring #eldenringgameplay,https://www.youtube.com/watch?v=2gLVVuXTVu4
110,Let's Play - Elden Ring PC #111,"Falling Star Beast, Swamp of Aeonia and Commander O'Neil, Gowry's favor, and Milicent Cheesed.  Check out The Preacher Plays Elden Ring Blind LP: https://www.youtube.com/playlist?list=PL3i528PCsSRMiIxmBmfDTJrbSCtyVBYOA   Check out BlueLizardJello Elden Ring Blind LP: https://www.youtube.com/watch?v=50AwrX_t1Ig&list=PLcdPu6JrcV8QWKcMARNyRjvhitTxxp5Mh #eldenring #eldenringgameplay",https://www.youtube.com/watch?v=zZ98BeKPEtM
111,Let's Play - Elden Ring PC #112,"Lighting the towers in Selia Town of Sorcery, a pair of Nox, and discovering Crumbling Farum Azula.  Check out The Preacher Plays Elden Ring Blind LP: https://www.youtube.com/playlist?list=PL3i528PCsSRMiIxmBmfDTJrbSCtyVBYOA   Check out BlueLizardJello Elden Ring Blind LP: https://www.youtube.com/watch?v=50AwrX_t1Ig&list=PLcdPu6JrcV8QWKcMARNyRjvhitTxxp5Mh #eldenring #eldenringgameplay",https://www.youtube.com/watch?v=8lsxnEXOZkg
112,Let's Play - Elden Ring PC #113,"Grayworm is Reborn, meeting a Tree Sentinel, Drama from the Deathbed Companion and the passing of Rogier.  Check out The Preacher Plays Elden Ring Blind LP: https://www.youtube.com/playlist?list=PL3i528PCsSRMiIxmBmfDTJrbSCtyVBYOA   Check out BlueLizardJello Elden Ring Blind LP: https://www.youtube.com/watch?v=50AwrX_t1Ig&list=PLcdPu6JrcV8QWKcMARNyRjvhitTxxp5Mh #eldenring #eldenringgameplay",https://www.youtube.com/watch?v=mdYsH2Ly6-E
113,Let's Play - Elden Ring PC #114,Caleid Putrid Avatar and into the Minor Erdtree Catacombs!  Check out The Preacher Plays Elden Ring Blind LP: https://www.youtube.com/playlist?list=PL3i528PCsSRMiIxmBmfDTJrbSCtyVBYOA   Check out BlueLizardJello Elden Ring Blind LP: https://www.youtube.com/watch?v=50AwrX_t1Ig&list=PLcdPu6JrcV8QWKcMARNyRjvhitTxxp5Mh #eldenring #eldenringgameplay,https://www.youtube.com/watch?v=-FJlS2zijvA
114,Let's Play - Elden Ring PC #115 - Commentary Only,Errand Wolf Bois in the House  Check out The Preacher Plays Elden Ring Blind LP: https://www.youtube.com/playlist?list=PL3i528PCsSRMiIxmBmfDTJrbSCtyVBYOA   Check out BlueLizardJello Elden Ring Blind LP: https://www.youtube.com/watch?v=50AwrX_t1Ig&list=PLcdPu6JrcV8QWKcMARNyRjvhitTxxp5Mh #eldenring #eldenringgameplay,https://www.youtube.com/watch?v=NVmxliOxpW0
115,Let's Play - Elden Ring PC #116 - Commentary Only,Caelid Catacombs and Outposts towards Redmane Castle  Check out The Preacher Plays Elden Ring Blind LP: https://www.youtube.com/playlist?list=PL3i528PCsSRMiIxmBmfDTJrbSCtyVBYOA   Check out BlueLizardJello Elden Ring Blind LP: https://www.youtube.com/watch?v=50AwrX_t1Ig&list=PLcdPu6JrcV8QWKcMARNyRjvhitTxxp5Mh #eldenring #eldenringgameplay,https://www.youtube.com/watch?v=JcQ5uC6TBBc
116,Let's Play - Elden Ring PC #117 - Commentary Only,Talking to people and exploring Castle Redmane  Check out The Preacher Plays Elden Ring Blind LP: https://www.youtube.com/playlist?list=PL3i528PCsSRMiIxmBmfDTJrbSCtyVBYOA   Check out BlueLizardJello Elden Ring Blind LP: https://www.youtube.com/watch?v=50AwrX_t1Ig&list=PLcdPu6JrcV8QWKcMARNyRjvhitTxxp5Mh #eldenring #eldenringgameplay,https://www.youtube.com/watch?v=654_o_NQ2zg
117,Let's Play - Elden Ring PC #118,Grayworm returns to the Siofra River to visit some things he missed.  Here is ThePreacherPlays Elden Ring playlist: https://www.youtube.com/playlist?list=PL3i528PCsSRMiIxmBmfDTJrbSCtyVBYOA  Check out The Preacher Plays Elden Ring Blind LP: https://www.youtube.com/playlist?list=PL3i528PCsSRMiIxmBmfDTJrbSCtyVBYOA   Check out BlueLizardJello Elden Ring Blind LP: https://www.youtube.com/watch?v=50AwrX_t1Ig&list=PLcdPu6JrcV8QWKcMARNyRjvhitTxxp5Mh #eldenring #eldenringgameplay,https://www.youtube.com/watch?v=fz9Q_pFnbJo
118,Let's Play - Elden Ring PC #119,Cheesing a sleeping giant and feeling the deep bite of karma in a nearby fort.  Check out The Preacher Plays Elden Ring Blind LP: https://www.youtube.com/playlist?list=PL3i528PCsSRMiIxmBmfDTJrbSCtyVBYOA   Check out BlueLizardJello Elden Ring Blind LP: https://www.youtube.com/watch?v=50AwrX_t1Ig&list=PLcdPu6JrcV8QWKcMARNyRjvhitTxxp5Mh #eldenring #eldenringgameplay,https://www.youtube.com/watch?v=UM9GeByBHBM
119,Let's Play - Elden Ring PC #120,Grayworm and the boys investigate the Caelim Ruins and fight some big bullies!  Check out The Preacher Plays Elden Ring Blind LP: https://www.youtube.com/playlist?list=PL3i528PCsSRMiIxmBmfDTJrbSCtyVBYOA   Check out BlueLizardJello Elden Ring Blind LP: https://www.youtube.com/watch?v=50AwrX_t1Ig&list=PLcdPu6JrcV8QWKcMARNyRjvhitTxxp5Mh #eldenring #eldenringgameplay,https://www.youtube.com/watch?v=idnaQD-UGC4
120,Let's Play - Elden Ring PC #121,"Grayworm and the boys investigate the Forsaken Ruins, fight some big birbs, explore the Abandonned Cave and take on a few rotten knights!  Check out The Preacher Plays Elden Ring Blind LP: https://www.youtube.com/playlist?list=PL3i528PCsSRMiIxmBmfDTJrbSCtyVBYOA   Check out BlueLizardJello Elden Ring Blind LP: https://www.youtube.com/watch?v=50AwrX_t1Ig&list=PLcdPu6JrcV8QWKcMARNyRjvhitTxxp5Mh #eldenring #eldenringgameplay",https://www.youtube.com/watch?v=dfOMOTBNzX4
121,Let's Play - Elden Ring PC #122,"Continuing their deep dive of Caelid, it's onto the Streets of Sage Ruins and then a pitstop at the Dragon Communion to spend some hearts!  Check out The Preacher Plays Elden Ring Blind LP: https://www.youtube.com/playlist?list=PL3i528PCsSRMiIxmBmfDTJrbSCtyVBYOA   Check out BlueLizardJello Elden Ring Blind LP: https://www.youtube.com/watch?v=50AwrX_t1Ig&list=PLcdPu6JrcV8QWKcMARNyRjvhitTxxp5Mh #eldenring #eldenringgameplay",https://www.youtube.com/watch?v=INCM_ZSOQKI
122,Let's Play - Elden Ring PC #123,"@ThePreacherPlays helps us revisit some places we missed (thanks TPP!); Fort Gael, Outskirts of Redmane Castle, etc.  Check out his Elden Ring playlist, and his channel. He's great! https://www.youtube.com/playlist?list=PL3i528PCsSRMiIxmBmfDTJrbSCtyVBYOA  Check out The Preacher Plays Elden Ring Blind LP: https://www.youtube.com/playlist?list=PL3i528PCsSRMiIxmBmfDTJrbSCtyVBYOA   Check out BlueLizardJello Elden Ring Blind LP: https://www.youtube.com/watch?v=50AwrX_t1Ig&list=PLcdPu6JrcV8QWKcMARNyRjvhitTxxp5Mh #eldenring #eldenringgameplay",https://www.youtube.com/watch?v=0Mum77XokoA
123,Let's Play - Elden Ring PC #124,"Return to Raya Lucaria to help an old friend, whilst we dive into underbelly for a new talisman, and returning to Caleid again.  Check out The Preacher Plays Elden Ring Blind LP: https://www.youtube.com/playlist?list=PL3i528PCsSRMiIxmBmfDTJrbSCtyVBYOA   Check out BlueLizardJello Elden Ring Blind LP: https://www.youtube.com/watch?v=50AwrX_t1Ig&list=PLcdPu6JrcV8QWKcMARNyRjvhitTxxp5Mh #eldenring #eldenringgameplay",https://www.youtube.com/watch?v=ClT8_Xk8T5o
124,Let's Play - Elden Ring PC #125,"Continuing to tie up some loose ends and seeking the company of a giant pot boy. At last, we return to the Grand Lift of Dectus and enter Altus Plateau through the front door only to wander and eventually find an old friend in distress. Vengeance!  Check out The Preacher Plays Elden Ring Blind LP: https://www.youtube.com/playlist?list=PL3i528PCsSRMiIxmBmfDTJrbSCtyVBYOA   Check out BlueLizardJello Elden Ring Blind LP: https://www.youtube.com/watch?v=50AwrX_t1Ig&list=PLcdPu6JrcV8QWKcMARNyRjvhitTxxp5Mh #eldenring #eldenringgameplay",https://www.youtube.com/watch?v=REv3HV8t5-I
125,Let's Play - Elden Ring PC #126,Questing for the pieces of the Altus Plateau map. Searching for Seluvis' secret back in the Sisters Three and shooing away the dragon. Manipulating Seluvis' into helping us.  Check out The Preacher Plays Elden Ring Blind LP: https://www.youtube.com/playlist?list=PL3i528PCsSRMiIxmBmfDTJrbSCtyVBYOA   Check out BlueLizardJello Elden Ring Blind LP: https://www.youtube.com/watch?v=50AwrX_t1Ig&list=PLcdPu6JrcV8QWKcMARNyRjvhitTxxp5Mh #eldenring #eldenringgameplay,https://www.youtube.com/watch?v=RYDnFNzvhWw
126,Let's Play - Elden Ring PC #127,Exploring the Aeonian Swamp and confronting the center.  Check out The Preacher Plays Elden Ring Blind LP: https://www.youtube.com/playlist?list=PL3i528PCsSRMiIxmBmfDTJrbSCtyVBYOA   Check out BlueLizardJello Elden Ring Blind LP: https://www.youtube.com/watch?v=50AwrX_t1Ig&list=PLcdPu6JrcV8QWKcMARNyRjvhitTxxp5Mh #eldenring #eldenringgameplay,https://www.youtube.com/watch?v=RHB3m0r-Pxw
127,Let's Play - Elden Ring PC #128,Exploring Western Caelid and the Gaol Cave.  Check out The Preacher Plays Elden Ring Blind LP: https://www.youtube.com/playlist?list=PL3i528PCsSRMiIxmBmfDTJrbSCtyVBYOA   Check out BlueLizardJello Elden Ring Blind LP: https://www.youtube.com/watch?v=50AwrX_t1Ig&list=PLcdPu6JrcV8QWKcMARNyRjvhitTxxp5Mh #eldenring #eldenringgameplay,https://www.youtube.com/watch?v=qpzjr2naiHA
128,Let's Play - Elden Ring PC #129,Exploring Eastern Caelid and the Selia Gateway.  Check out The Preacher Plays Elden Ring Blind LP: https://www.youtube.com/playlist?list=PL3i528PCsSRMiIxmBmfDTJrbSCtyVBYOA   Check out BlueLizardJello Elden Ring Blind LP: https://www.youtube.com/watch?v=50AwrX_t1Ig&list=PLcdPu6JrcV8QWKcMARNyRjvhitTxxp5Mh #eldenring #eldenringgameplay,https://www.youtube.com/watch?v=qCia3yCfkb0
129,Let’s Play - Elden Ring PC #130,Lux ruins and ... The Volcano Manor.  Check out The Preacher Plays Elden Ring Blind LP: https://www.youtube.com/playlist?list=PL3i528PCsSRMiIxmBmfDTJrbSCtyVBYOA   Check out BlueLizardJello Elden Ring Blind LP: https://www.youtube.com/watch?v=50AwrX_t1Ig&list=PLcdPu6JrcV8QWKcMARNyRjvhitTxxp5Mh #eldenring #eldenringgameplay,https://www.youtube.com/watch?v=RAIPGeBV5U4
130,Let’s Play - Elden Ring PC #131,Outskirts of Volcano Town - full clear.  Check out The Preacher Plays Elden Ring Blind LP: https://www.youtube.com/playlist?list=PL3i528PCsSRMiIxmBmfDTJrbSCtyVBYOA   Check out BlueLizardJello Elden Ring Blind LP: https://www.youtube.com/watch?v=50AwrX_t1Ig&list=PLcdPu6JrcV8QWKcMARNyRjvhitTxxp5Mh #eldenring #eldenringgameplay,https://www.youtube.com/watch?v=DFfSropQiUY
131,Let’s Play - Elden Ring PC #132,More exploration of Volcano Manor Outskirts and diving into the depths of the lava.  Check out The Preacher Plays Elden Ring Blind LP: https://www.youtube.com/playlist?list=PL3i528PCsSRMiIxmBmfDTJrbSCtyVBYOA   Check out BlueLizardJello Elden Ring Blind LP: https://www.youtube.com/watch?v=50AwrX_t1Ig&list=PLcdPu6JrcV8QWKcMARNyRjvhitTxxp5Mh #eldenring #eldenringgameplay,https://www.youtube.com/watch?v=cwclXcVmyfs
132,Let’s Play - Elden Ring PC #133,"Trying to get to the blue beacon, and finding map pieces for Volcano Manor.  Check out The Preacher Plays Elden Ring Blind LP: https://www.youtube.com/playlist?list=PL3i528PCsSRMiIxmBmfDTJrbSCtyVBYOA   Check out BlueLizardJello Elden Ring Blind LP: https://www.youtube.com/watch?v=50AwrX_t1Ig&list=PLcdPu6JrcV8QWKcMARNyRjvhitTxxp5Mh #eldenring #eldenringgameplay",https://www.youtube.com/watch?v=UDPcwq41p-E
133,Let's Play - Elden Ring PC #134,Putrid Erdtree Avatar in Caleid and a windfall of runes! ... and a dragon and a bunch of nonsense.  Check out The Preacher Plays Elden Ring Blind LP: https://www.youtube.com/playlist?list=PL3i528PCsSRMiIxmBmfDTJrbSCtyVBYOA   Check out BlueLizardJello Elden Ring Blind LP: https://www.youtube.com/watch?v=50AwrX_t1Ig&list=PLcdPu6JrcV8QWKcMARNyRjvhitTxxp5Mh #eldenring #eldenringgameplay,https://www.youtube.com/watch?v=WRoExDjhTBc
134,Let's Play - Elden Ring PC #135,Exploring the Madness to the left of the Grand Lift of Dectus.  Check out Blue Lizard Jello's Let's Play Elden Ring here: https://www.youtube.com/watch?v=50AwrX_t1Ig&list=PLcdPu6JrcV8QWKcMARNyRjvhitTxxp5Mh  Check out The Preacher Plays Elden Ring Blind LP: https://www.youtube.com/playlist?list=PL3i528PCsSRMiIxmBmfDTJrbSCtyVBYOA   Check out BlueLizardJello Elden Ring Blind LP: https://www.youtube.com/watch?v=50AwrX_t1Ig&list=PLcdPu6JrcV8QWKcMARNyRjvhitTxxp5Mh #eldenring #eldenringgameplay,https://www.youtube.com/watch?v=tErKiNMHX5U
135,Let's Play - Elden Ring PC #136,Cleaning up some loose ends around the Grand Lift of Dectus  Check out The Preacher Plays Elden Ring Blind LP: https://www.youtube.com/playlist?list=PL3i528PCsSRMiIxmBmfDTJrbSCtyVBYOA   Check out BlueLizardJello Elden Ring Blind LP: https://www.youtube.com/watch?v=50AwrX_t1Ig&list=PLcdPu6JrcV8QWKcMARNyRjvhitTxxp5Mh #eldenring #eldenringgameplay,https://www.youtube.com/watch?v=X5Sm7F1OsnI
136,Let's Play - Elden Ring PC #137,Return to Leyndell Outskirts  Check out The Preacher Plays Elden Ring Blind LP: https://www.youtube.com/playlist?list=PL3i528PCsSRMiIxmBmfDTJrbSCtyVBYOA   Check out BlueLizardJello Elden Ring Blind LP: https://www.youtube.com/watch?v=50AwrX_t1Ig&list=PLcdPu6JrcV8QWKcMARNyRjvhitTxxp5Mh #eldenring #eldenringgameplay,https://www.youtube.com/watch?v=gpgBBDqqKA0
137,Let's Play - Elden Ring PC #138,Windmill Village and a grotesque celebration with a climactic ending!  Check out The Preacher Plays Elden Ring Blind LP: https://www.youtube.com/playlist?list=PL3i528PCsSRMiIxmBmfDTJrbSCtyVBYOA   Check out BlueLizardJello Elden Ring Blind LP: https://www.youtube.com/watch?v=50AwrX_t1Ig&list=PLcdPu6JrcV8QWKcMARNyRjvhitTxxp5Mh #eldenring #eldenringgameplay,https://www.youtube.com/watch?v=WNjfJojPFfQ
138,Let's Play - Elden Ring PC #140,Old Altus Tunnel  Check out The Preacher Plays Elden Ring Blind LP: https://www.youtube.com/playlist?list=PL3i528PCsSRMiIxmBmfDTJrbSCtyVBYOA   Check out BlueLizardJello Elden Ring Blind LP: https://www.youtube.com/watch?v=50AwrX_t1Ig&list=PLcdPu6JrcV8QWKcMARNyRjvhitTxxp5Mh #eldenring #eldenringgameplay,https://www.youtube.com/watch?v=1M4lgh4dwbg
139,Let's Play - Elden Ring PC #139,Windmill exploration and scouting out the castle in the valley below us.  Check out The Preacher Plays Elden Ring Blind LP: https://www.youtube.com/playlist?list=PL3i528PCsSRMiIxmBmfDTJrbSCtyVBYOA   Check out BlueLizardJello Elden Ring Blind LP: https://www.youtube.com/watch?v=50AwrX_t1Ig&list=PLcdPu6JrcV8QWKcMARNyRjvhitTxxp5Mh #eldenring #eldenringgameplay,https://www.youtube.com/watch?v=6mC0Mn7kF7I
140,Let's Play - Elden Ring PC #141,The Shaded Castle  Check out The Preacher Plays Elden Ring Blind LP: https://www.youtube.com/playlist?list=PL3i528PCsSRMiIxmBmfDTJrbSCtyVBYOA   Check out BlueLizardJello Elden Ring Blind LP: https://www.youtube.com/watch?v=50AwrX_t1Ig&list=PLcdPu6JrcV8QWKcMARNyRjvhitTxxp5Mh #eldenring #eldenringgameplay,https://www.youtube.com/watch?v=fmDpODHkVJM
141,Let's Play - Elden RIng PC #143,Trying to clear The Shaded Castle  Check out The Preacher Plays Elden Ring Blind LP: https://www.youtube.com/playlist?list=PL3i528PCsSRMiIxmBmfDTJrbSCtyVBYOA   Check out BlueLizardJello Elden Ring Blind LP: https://www.youtube.com/watch?v=50AwrX_t1Ig&list=PLcdPu6JrcV8QWKcMARNyRjvhitTxxp5Mh #eldenring #eldenringgameplay,https://www.youtube.com/watch?v=08YBydczkaY
142,Let's Play - Elden Ring PC #144,Continuing the full clear of The Shaded Castle  Check out The Preacher Plays Elden Ring Blind LP: https://www.youtube.com/playlist?list=PL3i528PCsSRMiIxmBmfDTJrbSCtyVBYOA   Check out BlueLizardJello Elden Ring Blind LP: https://www.youtube.com/watch?v=50AwrX_t1Ig&list=PLcdPu6JrcV8QWKcMARNyRjvhitTxxp5Mh #eldenring #eldenringgameplay,https://www.youtube.com/watch?v=JV-kehPqvL4
143,Let's Play - Elden Ring PC #145,Finishing up The Shaded Castle and cussing a lot!  Check out The Preacher Plays Elden Ring Blind LP: https://www.youtube.com/playlist?list=PL3i528PCsSRMiIxmBmfDTJrbSCtyVBYOA   Check out BlueLizardJello Elden Ring Blind LP: https://www.youtube.com/watch?v=50AwrX_t1Ig&list=PLcdPu6JrcV8QWKcMARNyRjvhitTxxp5Mh #eldenring #eldenringgameplay,https://www.youtube.com/watch?v=XN1FPVAu2_s
144,Let's Play - Elden Ring PC #142,Testing out healing vulnerabilities of revenants  Check out The Preacher Plays Elden Ring Blind LP: https://www.youtube.com/playlist?list=PL3i528PCsSRMiIxmBmfDTJrbSCtyVBYOA   Check out BlueLizardJello Elden Ring Blind LP: https://www.youtube.com/watch?v=50AwrX_t1Ig&list=PLcdPu6JrcV8QWKcMARNyRjvhitTxxp5Mh #eldenring #eldenringgameplay,https://www.youtube.com/watch?v=giTpVTlowTs
145,Let's Play - Elden Ring PC #146,Road of Iniquity area and the clearing of the Worm Faces  Check out The Preacher Plays Elden Ring Blind LP: https://www.youtube.com/playlist?list=PL3i528PCsSRMiIxmBmfDTJrbSCtyVBYOA   Check out BlueLizardJello Elden Ring Blind LP: https://www.youtube.com/watch?v=50AwrX_t1Ig&list=PLcdPu6JrcV8QWKcMARNyRjvhitTxxp5Mh #eldenring #eldenringgameplay,https://www.youtube.com/watch?v=iibS-2ozF7U
146,Let's Play - Elden Ring PC #147,Woodfolk Ruins and Worm Face Jrs Revenge at Bower of Bounty and entering Altus Tunnel  Check out The Preacher Plays Elden Ring Blind LP: https://www.youtube.com/playlist?list=PL3i528PCsSRMiIxmBmfDTJrbSCtyVBYOA   Check out BlueLizardJello Elden Ring Blind LP: https://www.youtube.com/watch?v=50AwrX_t1Ig&list=PLcdPu6JrcV8QWKcMARNyRjvhitTxxp5Mh #eldenring #eldenringgameplay,https://www.youtube.com/watch?v=L4x1vsqwPS8
147,Let's Play - Elden Ring PC #148,Altus Tunnel and the Twin Crystalians and cam trouble  Check out The Preacher Plays Elden Ring Blind LP: https://www.youtube.com/playlist?list=PL3i528PCsSRMiIxmBmfDTJrbSCtyVBYOA   Check out BlueLizardJello Elden Ring Blind LP: https://www.youtube.com/watch?v=50AwrX_t1Ig&list=PLcdPu6JrcV8QWKcMARNyRjvhitTxxp5Mh #eldenring #eldenringgameplay,https://www.youtube.com/watch?v=2bRYOWYTe_0
148,Let's Play - Elden Ring PC #149,Invisible Tower Riddle and Wyndham Catacombs for some revenge!  Check out The Preacher Plays Elden Ring Blind LP: https://www.youtube.com/playlist?list=PL3i528PCsSRMiIxmBmfDTJrbSCtyVBYOA   Check out BlueLizardJello Elden Ring Blind LP: https://www.youtube.com/watch?v=50AwrX_t1Ig&list=PLcdPu6JrcV8QWKcMARNyRjvhitTxxp5Mh #eldenring #eldenringgameplay,https://www.youtube.com/watch?v=Q1jbqolXTEc
149,Let's Play - Elden Ring PC #150,Scouting around the roads of the Altus Plateau and the Sainted Heroes Grave  Check out The Preacher Plays Elden Ring Blind LP: https://www.youtube.com/playlist?list=PL3i528PCsSRMiIxmBmfDTJrbSCtyVBYOA   Check out BlueLizardJello Elden Ring Blind LP: https://www.youtube.com/watch?v=50AwrX_t1Ig&list=PLcdPu6JrcV8QWKcMARNyRjvhitTxxp5Mh #eldenring #eldenringgameplay,https://www.youtube.com/watch?v=JDuYpCR2TOA
150,Let's Play - Elden Ring PC #153,"Cleaning up the Altus Plateau map markers, and Great Dragon Lansseax  Check out The Preacher Plays Elden Ring Blind LP: https://www.youtube.com/playlist?list=PL3i528PCsSRMiIxmBmfDTJrbSCtyVBYOA   Check out BlueLizardJello Elden Ring Blind LP: https://www.youtube.com/watch?v=50AwrX_t1Ig&list=PLcdPu6JrcV8QWKcMARNyRjvhitTxxp5Mh #eldenring #eldenringgameplay",https://www.youtube.com/watch?v=iN7FOgmlH7U
151,Let's Play - Elden Ring PC #151,"Explaining upgrades, clearing the Wyndham Ruins, and looking for Milicent  Check out The Preacher Plays Elden Ring Blind LP: https://www.youtube.com/playlist?list=PL3i528PCsSRMiIxmBmfDTJrbSCtyVBYOA   Check out BlueLizardJello Elden Ring Blind LP: https://www.youtube.com/watch?v=50AwrX_t1Ig&list=PLcdPu6JrcV8QWKcMARNyRjvhitTxxp5Mh #eldenring #eldenringgameplay",https://www.youtube.com/watch?v=zJE-saDRGOI
152,Let's Play - Elden Ring PC #152,Still looking for Milicent - Mt. Gelmir volcanic underpath to Seethewater Cave / Seethewater Terminus  Check out The Preacher Plays Elden Ring Blind LP: https://www.youtube.com/playlist?list=PL3i528PCsSRMiIxmBmfDTJrbSCtyVBYOA   Check out BlueLizardJello Elden Ring Blind LP: https://www.youtube.com/watch?v=50AwrX_t1Ig&list=PLcdPu6JrcV8QWKcMARNyRjvhitTxxp5Mh #eldenring #eldenringgameplay,https://www.youtube.com/watch?v=vCWBvMco-so
153,Let's Play - Elden Ring PC #154,The Sainted Hero's Grave  Check out The Preacher Plays Elden Ring Blind LP: https://www.youtube.com/playlist?list=PL3i528PCsSRMiIxmBmfDTJrbSCtyVBYOA   Check out BlueLizardJello Elden Ring Blind LP: https://www.youtube.com/watch?v=50AwrX_t1Ig&list=PLcdPu6JrcV8QWKcMARNyRjvhitTxxp5Mh #eldenring #eldenringgameplay,https://www.youtube.com/watch?v=g-25EAAlquE
154,Let's Play - Elden Ring PC #155,Clearing some forts in the Altus Plateau  Check out The Preacher Plays Elden Ring Blind LP: https://www.youtube.com/playlist?list=PL3i528PCsSRMiIxmBmfDTJrbSCtyVBYOA   Check out BlueLizardJello Elden Ring Blind LP: https://www.youtube.com/watch?v=50AwrX_t1Ig&list=PLcdPu6JrcV8QWKcMARNyRjvhitTxxp5Mh #eldenring #eldenringgameplay,https://www.youtube.com/watch?v=FNbFfEgcV4s
155,Let's Play - Elden Ring PC #156,Fighting Godfrey and Clearing the Abandoned Graveyard in the Altus Plateau  Check out The Preacher Plays Elden Ring Blind LP: https://www.youtube.com/playlist?list=PL3i528PCsSRMiIxmBmfDTJrbSCtyVBYOA   Check out BlueLizardJello Elden Ring Blind LP: https://www.youtube.com/watch?v=50AwrX_t1Ig&list=PLcdPu6JrcV8QWKcMARNyRjvhitTxxp5Mh #eldenring #eldenringgameplay,https://www.youtube.com/watch?v=zNHOYft9E54
156,Let's Play - Elden Ring PC #157,Sage's Cave woes and invisible attacker!  Check out The Preacher Plays Elden Ring Blind LP: https://www.youtube.com/playlist?list=PL3i528PCsSRMiIxmBmfDTJrbSCtyVBYOA   Check out BlueLizardJello Elden Ring Blind LP: https://www.youtube.com/watch?v=50AwrX_t1Ig&list=PLcdPu6JrcV8QWKcMARNyRjvhitTxxp5Mh #eldenring #eldenringgameplay,https://www.youtube.com/watch?v=oDzyXc5WgRU
157,Let's Play - Elden Ring PC #158,Perfumer's Ruins and Unsightly Catacombs  Check out The Preacher Plays Elden Ring Blind LP: https://www.youtube.com/playlist?list=PL3i528PCsSRMiIxmBmfDTJrbSCtyVBYOA   Check out BlueLizardJello Elden Ring Blind LP: https://www.youtube.com/watch?v=50AwrX_t1Ig&list=PLcdPu6JrcV8QWKcMARNyRjvhitTxxp5Mh #eldenring #eldenringgameplay,https://www.youtube.com/watch?v=49gInfKkWJc
158,Let's Play - Elden Ring PC #159,Grayworm gets poisoned repeatedly at Seethewater Cave  Check out The Preacher Plays Elden Ring Blind LP: https://www.youtube.com/playlist?list=PL3i528PCsSRMiIxmBmfDTJrbSCtyVBYOA   Check out BlueLizardJello Elden Ring Blind LP: https://www.youtube.com/watch?v=50AwrX_t1Ig&list=PLcdPu6JrcV8QWKcMARNyRjvhitTxxp5Mh #eldenring #eldenringgameplay,https://www.youtube.com/watch?v=f6xwCLLubrc
159,Let's Play - Elden Ring PC #161,Fighting the Magma Wyrm near Seethewater Terminus  Check out The Preacher Plays Elden Ring Blind LP: https://www.youtube.com/playlist?list=PL3i528PCsSRMiIxmBmfDTJrbSCtyVBYOA   Check out BlueLizardJello Elden Ring Blind LP: https://www.youtube.com/watch?v=50AwrX_t1Ig&list=PLcdPu6JrcV8QWKcMARNyRjvhitTxxp5Mh #eldenring #eldenringgameplay,https://www.youtube.com/watch?v=ASG06krRJv0
160,Let's Play - Elden Ring PC #162,Exploring the volcano stumbling onto Hermit Village  Check out The Preacher Plays Elden Ring Blind LP: https://www.youtube.com/playlist?list=PL3i528PCsSRMiIxmBmfDTJrbSCtyVBYOA   Check out BlueLizardJello Elden Ring Blind LP: https://www.youtube.com/watch?v=50AwrX_t1Ig&list=PLcdPu6JrcV8QWKcMARNyRjvhitTxxp5Mh #eldenring #eldenringgameplay,https://www.youtube.com/watch?v=EvmYQ5aw2kQ
161,Let's Play - Elden Ring PC #160,Clearing Seethewater Terminus and fighting the Magma Wyrm  Check out The Preacher Plays Elden Ring Blind LP: https://www.youtube.com/playlist?list=PL3i528PCsSRMiIxmBmfDTJrbSCtyVBYOA   Check out BlueLizardJello Elden Ring Blind LP: https://www.youtube.com/watch?v=50AwrX_t1Ig&list=PLcdPu6JrcV8QWKcMARNyRjvhitTxxp5Mh #eldenring #eldenringgameplay,https://www.youtube.com/watch?v=neCx79prfsU
162,Let's Play - Elden Ring PC #164,Folly on Mt. Gelmir  Check out The Preacher Plays Elden Ring Blind LP: https://www.youtube.com/playlist?list=PL3i528PCsSRMiIxmBmfDTJrbSCtyVBYOA   Check out BlueLizardJello Elden Ring Blind LP: https://www.youtube.com/watch?v=50AwrX_t1Ig&list=PLcdPu6JrcV8QWKcMARNyRjvhitTxxp5Mh #eldenring #eldenringgameplay,https://www.youtube.com/watch?v=2gPcc6NrmrU
163,Let's Play - Elden Ring PC #163,The song of Grayworm and the 3 Smithing Stone 6s  Check out The Preacher Plays Elden Ring Blind LP: https://www.youtube.com/playlist?list=PL3i528PCsSRMiIxmBmfDTJrbSCtyVBYOA   Check out BlueLizardJello Elden Ring Blind LP: https://www.youtube.com/watch?v=50AwrX_t1Ig&list=PLcdPu6JrcV8QWKcMARNyRjvhitTxxp5Mh #eldenring #eldenringgameplay,https://www.youtube.com/watch?v=q3-QIOpazXI
164,Let's Play - Elden Ring PC #166,Cleaning up Mt. Gelmir chutes and ladders  Check out The Preacher Plays Elden Ring Blind LP: https://www.youtube.com/playlist?list=PL3i528PCsSRMiIxmBmfDTJrbSCtyVBYOA   Check out BlueLizardJello Elden Ring Blind LP: https://www.youtube.com/watch?v=50AwrX_t1Ig&list=PLcdPu6JrcV8QWKcMARNyRjvhitTxxp5Mh #eldenring #eldenringgameplay,https://www.youtube.com/watch?v=DYxFl37Quhw
165,Let's Play - Elden Ring PC #167,Invaded on Mt. Gelmir and into the Gelmir Hero's Grave and meeting with Guranq  Check out The Preacher Plays Elden Ring Blind LP: https://www.youtube.com/playlist?list=PL3i528PCsSRMiIxmBmfDTJrbSCtyVBYOA   Check out BlueLizardJello Elden Ring Blind LP: https://www.youtube.com/watch?v=50AwrX_t1Ig&list=PLcdPu6JrcV8QWKcMARNyRjvhitTxxp5Mh #eldenring #eldenringgameplay,https://www.youtube.com/watch?v=h0Oa97sDZno
166,Let's Play - Elden Ring PC #165,Grayworm bullies the crazies on Mt. Gelmir while Oleg kills big things  Check out The Preacher Plays Elden Ring Blind LP: https://www.youtube.com/playlist?list=PL3i528PCsSRMiIxmBmfDTJrbSCtyVBYOA   Check out BlueLizardJello Elden Ring Blind LP: https://www.youtube.com/watch?v=50AwrX_t1Ig&list=PLcdPu6JrcV8QWKcMARNyRjvhitTxxp5Mh #eldenring #eldenringgameplay,https://www.youtube.com/watch?v=Q6s2ExKi6Gw
167,Let's Play - Elden Ring PC #168,The other side of the bridge and the Volcano Cave.  Thanks to The Preacher Plays and his Let's Play I was able to find this! https://www.youtube.com/watch?v=miXQ1zp7o_4&list=PL3i528PCsSRMiIxmBmfDTJrbSCtyVBYOA&index=161  Check out The Preacher Plays Elden Ring Blind LP: https://www.youtube.com/playlist?list=PL3i528PCsSRMiIxmBmfDTJrbSCtyVBYOA   Check out BlueLizardJello Elden Ring Blind LP: https://www.youtube.com/watch?v=50AwrX_t1Ig&list=PLcdPu6JrcV8QWKcMARNyRjvhitTxxp5Mh #eldenring #eldenringgameplay,https://www.youtube.com/watch?v=mLpyB39e9G8
168,Let's Play - Elden Ring PC #169,Back to the Volcano Manor; Recusant or not here we come  Check out The Preacher Plays Elden Ring Blind LP: https://www.youtube.com/playlist?list=PL3i528PCsSRMiIxmBmfDTJrbSCtyVBYOA   Check out BlueLizardJello Elden Ring Blind LP: https://www.youtube.com/watch?v=50AwrX_t1Ig&list=PLcdPu6JrcV8QWKcMARNyRjvhitTxxp5Mh #eldenring #eldenringgameplay,https://www.youtube.com/watch?v=6BcjBXMUbyA
169,Let's Play - Elden Ring PC #170,"Hello, Releigh the Idle! Bye bye Grayworm!  Check out The Preacher Plays Elden Ring Blind LP: https://www.youtube.com/playlist?list=PL3i528PCsSRMiIxmBmfDTJrbSCtyVBYOA   Check out BlueLizardJello Elden Ring Blind LP: https://www.youtube.com/watch?v=50AwrX_t1Ig&list=PLcdPu6JrcV8QWKcMARNyRjvhitTxxp5Mh #eldenring #eldenringgameplay",https://www.youtube.com/watch?v=CDOGxMZK4cE
170,Let's Play - Elden Ring PC #172,More volcano guts  Check out The Preacher Plays Elden Ring Blind LP: https://www.youtube.com/playlist?list=PL3i528PCsSRMiIxmBmfDTJrbSCtyVBYOA   Check out BlueLizardJello Elden Ring Blind LP: https://www.youtube.com/watch?v=50AwrX_t1Ig&list=PLcdPu6JrcV8QWKcMARNyRjvhitTxxp5Mh #eldenring #eldenringgameplay,https://www.youtube.com/watch?v=GcrD5GC2GhI
171,Let's Play - Elden Ring PC #171,Deeper into the guts of Volcano Manor and how not to play Elden Ring  Check out The Preacher Plays Elden Ring Blind LP: https://www.youtube.com/playlist?list=PL3i528PCsSRMiIxmBmfDTJrbSCtyVBYOA   Check out BlueLizardJello Elden Ring Blind LP: https://www.youtube.com/watch?v=50AwrX_t1Ig&list=PLcdPu6JrcV8QWKcMARNyRjvhitTxxp5Mh #eldenring #eldenringgameplay,https://www.youtube.com/watch?v=_Hh2CGH83Ss
172,Let's Play - Elden Ring PC #174,Check out @ThePreacherPlays Elden Ring Blind LP: https://www.youtube.com/playlist?list=PL3i528PCsSRMiIxmBmfDTJrbSCtyVBYOA  Check out @BlueLizardJello Elden Ring Blind LP: https://www.youtube.com/watch?v=50AwrX_t1Ig&list=PLcdPu6JrcV8QWKcMARNyRjvhitTxxp5Mh  Check out The Preacher Plays Elden Ring Blind LP: https://www.youtube.com/playlist?list=PL3i528PCsSRMiIxmBmfDTJrbSCtyVBYOA   Check out BlueLizardJello Elden Ring Blind LP: https://www.youtube.com/watch?v=50AwrX_t1Ig&list=PLcdPu6JrcV8QWKcMARNyRjvhitTxxp5Mh #eldenring #eldenringgameplay,https://www.youtube.com/watch?v=U_uIQaNCh2A
173,Let's Play - Elden Ring PC #175,"Snakes, everywhere, and OMG that's a giant one  Check out The Preacher Plays Elden Ring Blind LP: https://www.youtube.com/playlist?list=PL3i528PCsSRMiIxmBmfDTJrbSCtyVBYOA   Check out BlueLizardJello Elden Ring Blind LP: https://www.youtube.com/watch?v=50AwrX_t1Ig&list=PLcdPu6JrcV8QWKcMARNyRjvhitTxxp5Mh #eldenring #eldenringgameplay",https://www.youtube.com/watch?v=uePrQEhNkME
174,Let's Play - Elden Ring PC #173,Magma worm under the volcano and a Fatty Fatterson  Check out The Preacher Plays Elden Ring Blind LP: https://www.youtube.com/playlist?list=PL3i528PCsSRMiIxmBmfDTJrbSCtyVBYOA   Check out BlueLizardJello Elden Ring Blind LP: https://www.youtube.com/watch?v=50AwrX_t1Ig&list=PLcdPu6JrcV8QWKcMARNyRjvhitTxxp5Mh #eldenring #eldenringgameplay,https://www.youtube.com/watch?v=wUmGS3F1kNc
175,Let's Play - Elden Ring PC #181,"Grayworm fights a big bully stupidly for 30 minutes, and smartly for 2 Check out @ThePreacherPlays Elden Ring Blind LP: https://www.youtube.com/playlist?list=PL3i528PCsSRMiIxmBmfDTJrbSCtyVBYOA  Check out @BlueLizardJello Elden Ring Blind LP: https://www.youtube.com/watch?v=50AwrX_t1Ig&list=PLcdPu6JrcV8QWKcMARNyRjvhitTxxp5Mh  Check out The Preacher Plays Elden Ring Blind LP: https://www.youtube.com/playlist?list=PL3i528PCsSRMiIxmBmfDTJrbSCtyVBYOA   Check out BlueLizardJello Elden Ring Blind LP: https://www.youtube.com/watch?v=50AwrX_t1Ig&list=PLcdPu6JrcV8QWKcMARNyRjvhitTxxp5Mh #eldenring #eldenringgameplay",https://www.youtube.com/watch?v=-AP_bdphjXM
176,Let's Play - Elden Ring PC #176,Lord Rykard fail and Starscourge Radahn fight!  Check out The Preacher Plays Elden Ring Blind LP: https://www.youtube.com/playlist?list=PL3i528PCsSRMiIxmBmfDTJrbSCtyVBYOA   Check out BlueLizardJello Elden Ring Blind LP: https://www.youtube.com/watch?v=50AwrX_t1Ig&list=PLcdPu6JrcV8QWKcMARNyRjvhitTxxp5Mh #eldenring #eldenringgameplay,https://www.youtube.com/watch?v=Fo8LEZhcAJM
177,Let's Play - Elden Ring PC #177,Divine Tower of Caleid and some upgrade shenanigans  Check out The Preacher Plays Elden Ring Blind LP: https://www.youtube.com/playlist?list=PL3i528PCsSRMiIxmBmfDTJrbSCtyVBYOA   Check out BlueLizardJello Elden Ring Blind LP: https://www.youtube.com/watch?v=50AwrX_t1Ig&list=PLcdPu6JrcV8QWKcMARNyRjvhitTxxp5Mh #eldenring #eldenringgameplay,https://www.youtube.com/watch?v=ZPQdlSLIGSI
178,Let's Play - Elden Ring PC #178,Blaidd and Grayworm investigate crater of the star scourge  Check out The Preacher Plays Elden Ring Blind LP: https://www.youtube.com/playlist?list=PL3i528PCsSRMiIxmBmfDTJrbSCtyVBYOA   Check out BlueLizardJello Elden Ring Blind LP: https://www.youtube.com/watch?v=50AwrX_t1Ig&list=PLcdPu6JrcV8QWKcMARNyRjvhitTxxp5Mh #eldenring #eldenringgameplay,https://www.youtube.com/watch?v=Z542uhAx2e4
179,Let's Play - Elden Ring PC #179,Nokron oh Nokron Mushroom oh Mushroom  Check out The Preacher Plays Elden Ring Blind LP: https://www.youtube.com/playlist?list=PL3i528PCsSRMiIxmBmfDTJrbSCtyVBYOA   Check out BlueLizardJello Elden Ring Blind LP: https://www.youtube.com/watch?v=50AwrX_t1Ig&list=PLcdPu6JrcV8QWKcMARNyRjvhitTxxp5Mh #eldenring #eldenringgameplay,https://www.youtube.com/watch?v=_i0496aXyjQ
180,Let's Play - Elden Ring PC #182,Today's main course: futility with a dash of redemption  Check out The Preacher Plays Elden Ring Blind LP: https://www.youtube.com/playlist?list=PL3i528PCsSRMiIxmBmfDTJrbSCtyVBYOA   Check out BlueLizardJello Elden Ring Blind LP: https://www.youtube.com/watch?v=50AwrX_t1Ig&list=PLcdPu6JrcV8QWKcMARNyRjvhitTxxp5Mh #eldenring #eldenringgameplay,https://www.youtube.com/watch?v=r8xgVk71WhA
181,Let's Play - Elden Ring PC #180,Above Siofra near the Mimic Tear and Nokron and Woops!  Check out The Preacher Plays Elden Ring Blind LP: https://www.youtube.com/playlist?list=PL3i528PCsSRMiIxmBmfDTJrbSCtyVBYOA   Check out BlueLizardJello Elden Ring Blind LP: https://www.youtube.com/watch?v=50AwrX_t1Ig&list=PLcdPu6JrcV8QWKcMARNyRjvhitTxxp5Mh #eldenring #eldenringgameplay,https://www.youtube.com/watch?v=zYu6uuxQbgk
182,Let's Play - Elden Ring PC #183,The quest for self  Check out The Preacher Plays Elden Ring Blind LP: https://www.youtube.com/playlist?list=PL3i528PCsSRMiIxmBmfDTJrbSCtyVBYOA   Check out BlueLizardJello Elden Ring Blind LP: https://www.youtube.com/watch?v=50AwrX_t1Ig&list=PLcdPu6JrcV8QWKcMARNyRjvhitTxxp5Mh #eldenring #eldenringgameplay,https://www.youtube.com/watch?v=pmwx3_-dVAE
183,Let's Play - Elden Ring PC #184,"Me, myself, and Lord Rykard - so long Lady Tanith and Volcano Manor  Check out The Preacher Plays Elden Ring Blind LP: https://www.youtube.com/playlist?list=PL3i528PCsSRMiIxmBmfDTJrbSCtyVBYOA   Check out BlueLizardJello Elden Ring Blind LP: https://www.youtube.com/watch?v=50AwrX_t1Ig&list=PLcdPu6JrcV8QWKcMARNyRjvhitTxxp5Mh #eldenring #eldenringgameplay",https://www.youtube.com/watch?v=1YhvHWMSZKw
184,Let's Play - Elden Ring PC #185,Patch 1.0.6 and Writheblood Ruins plus Caleid Tower Fail  Check out The Preacher Plays Elden Ring Blind LP: https://www.youtube.com/playlist?list=PL3i528PCsSRMiIxmBmfDTJrbSCtyVBYOA   Check out BlueLizardJello Elden Ring Blind LP: https://www.youtube.com/watch?v=50AwrX_t1Ig&list=PLcdPu6JrcV8QWKcMARNyRjvhitTxxp5Mh #eldenring #eldenringgameplay,https://www.youtube.com/watch?v=mCND9yZDTqg
185,Let's Play - Elden Ring PC #186,Divine Tower of Caleid Basement  Check out The Preacher Plays Elden Ring Blind LP: https://www.youtube.com/playlist?list=PL3i528PCsSRMiIxmBmfDTJrbSCtyVBYOA   Check out BlueLizardJello Elden Ring Blind LP: https://www.youtube.com/watch?v=50AwrX_t1Ig&list=PLcdPu6JrcV8QWKcMARNyRjvhitTxxp5Mh #eldenring #eldenringgameplay,https://www.youtube.com/watch?v=SjuRHAIGd9g
186,Let's Play - Elden Ring PC #187,Farming and Thinking and Exploring Gurranq Land  Check out The Preacher Plays Elden Ring Blind LP: https://www.youtube.com/playlist?list=PL3i528PCsSRMiIxmBmfDTJrbSCtyVBYOA   Check out BlueLizardJello Elden Ring Blind LP: https://www.youtube.com/watch?v=50AwrX_t1Ig&list=PLcdPu6JrcV8QWKcMARNyRjvhitTxxp5Mh #eldenring #eldenringgameplay,https://www.youtube.com/watch?v=qTll3BrcjFQ
187,Let's Play - Elden Ring PC #188,Fighting Knights of the Great Jar poorly and thinking about Varre...  Check out The Preacher Plays Elden Ring Blind LP: https://www.youtube.com/playlist?list=PL3i528PCsSRMiIxmBmfDTJrbSCtyVBYOA   Check out BlueLizardJello Elden Ring Blind LP: https://www.youtube.com/watch?v=50AwrX_t1Ig&list=PLcdPu6JrcV8QWKcMARNyRjvhitTxxp5Mh #eldenring #eldenringgameplay,https://www.youtube.com/watch?v=0Y_f-Cps3XE
188,Let's Play - Elden Ring PC #189,Jarburg and Return to Redmane Castle  Check out The Preacher Plays Elden Ring Blind LP: https://www.youtube.com/playlist?list=PL3i528PCsSRMiIxmBmfDTJrbSCtyVBYOA   Check out BlueLizardJello Elden Ring Blind LP: https://www.youtube.com/watch?v=50AwrX_t1Ig&list=PLcdPu6JrcV8QWKcMARNyRjvhitTxxp5Mh #eldenring #eldenringgameplay,https://www.youtube.com/watch?v=m4xZtEILwag
189,Let's Play - Elden Ring PC #190,Finishing Castle Redmane  Check out The Preacher Plays Elden Ring Blind LP: https://www.youtube.com/playlist?list=PL3i528PCsSRMiIxmBmfDTJrbSCtyVBYOA   Check out BlueLizardJello Elden Ring Blind LP: https://www.youtube.com/watch?v=50AwrX_t1Ig&list=PLcdPu6JrcV8QWKcMARNyRjvhitTxxp5Mh #eldenring #eldenringgameplay,https://www.youtube.com/watch?v=yLyi6qUUUg0
190,Let's Play - Elden Ring PC #191,Jellyfish harrasment and dragon and kin showdown  Check out The Preacher Plays Elden Ring Blind LP: https://www.youtube.com/playlist?list=PL3i528PCsSRMiIxmBmfDTJrbSCtyVBYOA   Check out BlueLizardJello Elden Ring Blind LP: https://www.youtube.com/watch?v=50AwrX_t1Ig&list=PLcdPu6JrcV8QWKcMARNyRjvhitTxxp5Mh #eldenring #eldenringgameplay,https://www.youtube.com/watch?v=6KnRJm_OnuQ
191,Let's Play - Elden Ring PC #192,Perfumers Grotto and the Sellia Hideaway  Check out The Preacher Plays Elden Ring Blind LP: https://www.youtube.com/playlist?list=PL3i528PCsSRMiIxmBmfDTJrbSCtyVBYOA   Check out BlueLizardJello Elden Ring Blind LP: https://www.youtube.com/watch?v=50AwrX_t1Ig&list=PLcdPu6JrcV8QWKcMARNyRjvhitTxxp5Mh #eldenring #eldenringgameplay,https://www.youtube.com/watch?v=ACevwAZxgBc
192,Let's Play - Elden Ring PC #196,Academy Crystal Cave  Check out The Preacher Plays Elden Ring Blind LP: https://www.youtube.com/playlist?list=PL3i528PCsSRMiIxmBmfDTJrbSCtyVBYOA   Check out BlueLizardJello Elden Ring Blind LP: https://www.youtube.com/watch?v=50AwrX_t1Ig&list=PLcdPu6JrcV8QWKcMARNyRjvhitTxxp5Mh #eldenring #eldenringgameplay,https://www.youtube.com/watch?v=CKLkCsKiixI
193,Let's Play - Elden Ring PC #195,Taking down the Evergaols we missed  Check out The Preacher Plays Elden Ring Blind LP: https://www.youtube.com/playlist?list=PL3i528PCsSRMiIxmBmfDTJrbSCtyVBYOA   Check out BlueLizardJello Elden Ring Blind LP: https://www.youtube.com/watch?v=50AwrX_t1Ig&list=PLcdPu6JrcV8QWKcMARNyRjvhitTxxp5Mh #eldenring #eldenringgameplay,https://www.youtube.com/watch?v=eJiOMQyjpzA
194,Let's Play - Elden Ring PC #194,Finishing Sellens errands and exploring Cliffbottom Catacombs  Check out The Preacher Plays Elden Ring Blind LP: https://www.youtube.com/playlist?list=PL3i528PCsSRMiIxmBmfDTJrbSCtyVBYOA   Check out BlueLizardJello Elden Ring Blind LP: https://www.youtube.com/watch?v=50AwrX_t1Ig&list=PLcdPu6JrcV8QWKcMARNyRjvhitTxxp5Mh #eldenring #eldenringgameplay,https://www.youtube.com/watch?v=Y6DM5selwO0
195,Let's Play - Elden Ring PC #193,Running errands for Sellen  Check out The Preacher Plays Elden Ring Blind LP: https://www.youtube.com/playlist?list=PL3i528PCsSRMiIxmBmfDTJrbSCtyVBYOA   Check out BlueLizardJello Elden Ring Blind LP: https://www.youtube.com/watch?v=50AwrX_t1Ig&list=PLcdPu6JrcV8QWKcMARNyRjvhitTxxp5Mh #eldenring #eldenringgameplay,https://www.youtube.com/watch?v=bN9Op8etiJ8
196,Let's Play - Elden Ring PC #198,Deeproot Depths and lots of ants  Check out The Preacher Plays Elden Ring Blind LP: https://www.youtube.com/playlist?list=PL3i528PCsSRMiIxmBmfDTJrbSCtyVBYOA   Check out BlueLizardJello Elden Ring Blind LP: https://www.youtube.com/watch?v=50AwrX_t1Ig&list=PLcdPu6JrcV8QWKcMARNyRjvhitTxxp5Mh #eldenring #eldenringgameplay,https://www.youtube.com/watch?v=LdJPIJdtiYc
197,Let's Play - Elden Ring PC #197,Gargoyles at Nokron must Die  Check out The Preacher Plays Elden Ring Blind LP: https://www.youtube.com/playlist?list=PL3i528PCsSRMiIxmBmfDTJrbSCtyVBYOA   Check out BlueLizardJello Elden Ring Blind LP: https://www.youtube.com/watch?v=50AwrX_t1Ig&list=PLcdPu6JrcV8QWKcMARNyRjvhitTxxp5Mh #eldenring #eldenringgameplay,https://www.youtube.com/watch?v=vU1grLJPhTw
198,Let's Play - Elden Ring PC #199,Deeproot Depths silliness and goofiness happens  Check out The Preacher Plays Elden Ring Blind LP: https://www.youtube.com/playlist?list=PL3i528PCsSRMiIxmBmfDTJrbSCtyVBYOA   Check out BlueLizardJello Elden Ring Blind LP: https://www.youtube.com/watch?v=50AwrX_t1Ig&list=PLcdPu6JrcV8QWKcMARNyRjvhitTxxp5Mh #eldenring #eldenringgameplay,https://www.youtube.com/watch?v=AC8ai1irdaA
199,Let's Play - Elden Ring PC #200,Deeproot Depths and groundhogs-daying for runes  Check out The Preacher Plays Elden Ring Blind LP: https://www.youtube.com/playlist?list=PL3i528PCsSRMiIxmBmfDTJrbSCtyVBYOA   Check out BlueLizardJello Elden Ring Blind LP: https://www.youtube.com/watch?v=50AwrX_t1Ig&list=PLcdPu6JrcV8QWKcMARNyRjvhitTxxp5Mh #eldenring #eldenringgameplay,https://www.youtube.com/watch?v=UkvARujuiSU
200,Let's Play - Elden Ring PC #201,Grayworm returns and fumbles around Leyndell.  Check out The Preacher Plays Elden Ring Blind LP: https://www.youtube.com/playlist?list=PL3i528PCsSRMiIxmBmfDTJrbSCtyVBYOA   Check out BlueLizardJello Elden Ring Blind LP: https://www.youtube.com/watch?v=50AwrX_t1Ig&list=PLcdPu6JrcV8QWKcMARNyRjvhitTxxp5Mh #eldenring #eldenringgameplay,https://www.youtube.com/watch?v=JsdGV9I8nsc
201,Let's Play - Elden Ring PC #202,More Grayworm Leyndell fumbling about.  Check out The Preacher Plays Elden Ring Blind LP: https://www.youtube.com/playlist?list=PL3i528PCsSRMiIxmBmfDTJrbSCtyVBYOA   Check out BlueLizardJello Elden Ring Blind LP: https://www.youtube.com/watch?v=50AwrX_t1Ig&list=PLcdPu6JrcV8QWKcMARNyRjvhitTxxp5Mh #eldenring #eldenringgameplay,https://www.youtube.com/watch?v=9mmbJFfMlns
202,Let's Play - Elden Ring PC #204,More Lendell exploration and a few shortcuts unlocked  Check out The Preacher Plays Elden Ring Blind LP: https://www.youtube.com/playlist?list=PL3i528PCsSRMiIxmBmfDTJrbSCtyVBYOA   Check out BlueLizardJello Elden Ring Blind LP: https://www.youtube.com/watch?v=50AwrX_t1Ig&list=PLcdPu6JrcV8QWKcMARNyRjvhitTxxp5Mh #eldenring #eldenringgameplay,https://www.youtube.com/watch?v=k3cRWnDJcnA
203,Let's Play - Elden Ring PC #203,Grayworm back from vacation crucible knight and ulcerated cheese  Check out The Preacher Plays Elden Ring Blind LP: https://www.youtube.com/playlist?list=PL3i528PCsSRMiIxmBmfDTJrbSCtyVBYOA   Check out BlueLizardJello Elden Ring Blind LP: https://www.youtube.com/watch?v=50AwrX_t1Ig&list=PLcdPu6JrcV8QWKcMARNyRjvhitTxxp5Mh #eldenring #eldenringgameplay,https://www.youtube.com/watch?v=ofZWnBBztbE
204,Let's Play - Elden Ring PC #205,Unlocking a big gate and finding some old friends in Leyndell  Check out The Preacher Plays Elden Ring Blind LP: https://www.youtube.com/playlist?list=PL3i528PCsSRMiIxmBmfDTJrbSCtyVBYOA   Check out BlueLizardJello Elden Ring Blind LP: https://www.youtube.com/watch?v=50AwrX_t1Ig&list=PLcdPu6JrcV8QWKcMARNyRjvhitTxxp5Mh #eldenring #eldenringgameplay,https://www.youtube.com/watch?v=ClX7Vuf1vqc
205,Let's Play - Elden Ring PC #206,Roundtable strangeness and Grayworm gets a big lift!  Check out The Preacher Plays Elden Ring Blind LP: https://www.youtube.com/playlist?list=PL3i528PCsSRMiIxmBmfDTJrbSCtyVBYOA   Check out BlueLizardJello Elden Ring Blind LP: https://www.youtube.com/watch?v=50AwrX_t1Ig&list=PLcdPu6JrcV8QWKcMARNyRjvhitTxxp5Mh #eldenring #eldenringgameplay,https://www.youtube.com/watch?v=OgaI3hYJkDs
206,Let's Play - Elden Ring PC #207,Ascending the tree to the.. erm tree.. and holy moly that guy hits hard!  Check out The Preacher Plays Elden Ring Blind LP: https://www.youtube.com/playlist?list=PL3i528PCsSRMiIxmBmfDTJrbSCtyVBYOA   Check out BlueLizardJello Elden Ring Blind LP: https://www.youtube.com/watch?v=50AwrX_t1Ig&list=PLcdPu6JrcV8QWKcMARNyRjvhitTxxp5Mh #eldenring #eldenringgameplay,https://www.youtube.com/watch?v=3krrtWGGyUY
207,Let's Play - Elden Ring PC #208,Miscellaneous Leyndell nonsense - getting killed by a grave warden repeatedly  Check out The Preacher Plays Elden Ring Blind LP: https://www.youtube.com/playlist?list=PL3i528PCsSRMiIxmBmfDTJrbSCtyVBYOA   Check out BlueLizardJello Elden Ring Blind LP: https://www.youtube.com/watch?v=50AwrX_t1Ig&list=PLcdPu6JrcV8QWKcMARNyRjvhitTxxp5Mh #eldenring #eldenringgameplay,https://www.youtube.com/watch?v=SbtleAbMXPM
208,Let's Play - Elden Ring PC #209,Restocking and fighting a Black Knight in Caelid  Check out The Preacher Plays Elden Ring Blind LP: https://www.youtube.com/playlist?list=PL3i528PCsSRMiIxmBmfDTJrbSCtyVBYOA   Check out BlueLizardJello Elden Ring Blind LP: https://www.youtube.com/watch?v=50AwrX_t1Ig&list=PLcdPu6JrcV8QWKcMARNyRjvhitTxxp5Mh #eldenring #eldenringgameplay,https://www.youtube.com/watch?v=vw_AMsWYOzE
209,Let's Play - Elden Ring PC #210,Return to Deeproot Depths being thorough and exploring  Check out The Preacher Plays Elden Ring Blind LP: https://www.youtube.com/playlist?list=PL3i528PCsSRMiIxmBmfDTJrbSCtyVBYOA   Check out BlueLizardJello Elden Ring Blind LP: https://www.youtube.com/watch?v=50AwrX_t1Ig&list=PLcdPu6JrcV8QWKcMARNyRjvhitTxxp5Mh #eldenring #eldenringgameplay,https://www.youtube.com/watch?v=4dqoPH-kT38
210,Let's Play - Elden Ring PC # 211,Full clear of the Deeproot Depths after cheesing Soluria  Check out The Preacher Plays Elden Ring Blind LP: https://www.youtube.com/playlist?list=PL3i528PCsSRMiIxmBmfDTJrbSCtyVBYOA   Check out BlueLizardJello Elden Ring Blind LP: https://www.youtube.com/watch?v=50AwrX_t1Ig&list=PLcdPu6JrcV8QWKcMARNyRjvhitTxxp5Mh #eldenring #eldenringgameplay,https://www.youtube.com/watch?v=_dfXzARDV8M
211,Let's Play - Elden Ring PC #212,Leyndell rooftops and finding the big sandbox of misbegotten  Check out The Preacher Plays Elden Ring Blind LP: https://www.youtube.com/playlist?list=PL3i528PCsSRMiIxmBmfDTJrbSCtyVBYOA   Check out BlueLizardJello Elden Ring Blind LP: https://www.youtube.com/watch?v=50AwrX_t1Ig&list=PLcdPu6JrcV8QWKcMARNyRjvhitTxxp5Mh #eldenring #eldenringgameplay,https://www.youtube.com/watch?v=3-tPdtJp48c
212,Let's Play - Elden Ring PC #213,"The entire episode is trying to get to 1 drop, no kidding  Check out The Preacher Plays Elden Ring Blind LP: https://www.youtube.com/playlist?list=PL3i528PCsSRMiIxmBmfDTJrbSCtyVBYOA   Check out BlueLizardJello Elden Ring Blind LP: https://www.youtube.com/watch?v=50AwrX_t1Ig&list=PLcdPu6JrcV8QWKcMARNyRjvhitTxxp5Mh #eldenring #eldenringgameplay",https://www.youtube.com/watch?v=WspDQj870SY
213,Let's Play - Elden Ring PC #214,Finally down the well into the Subterranean Shunning Grounds  Check out The Preacher Plays Elden Ring Blind LP: https://www.youtube.com/playlist?list=PL3i528PCsSRMiIxmBmfDTJrbSCtyVBYOA   Check out BlueLizardJello Elden Ring Blind LP: https://www.youtube.com/watch?v=50AwrX_t1Ig&list=PLcdPu6JrcV8QWKcMARNyRjvhitTxxp5Mh #eldenring #eldenringgameplay,https://www.youtube.com/watch?v=-jfw7Bs7yeY
214,Let's Play - Elden Ring PC #215,Subterannean Shunning Ground shenanigans  Check out The Preacher Plays Elden Ring Blind LP: https://www.youtube.com/playlist?list=PL3i528PCsSRMiIxmBmfDTJrbSCtyVBYOA   Check out BlueLizardJello Elden Ring Blind LP: https://www.youtube.com/watch?v=50AwrX_t1Ig&list=PLcdPu6JrcV8QWKcMARNyRjvhitTxxp5Mh #eldenring #eldenringgameplay,https://www.youtube.com/watch?v=6goAfyQxzas
215,Let's Play - Elden Ring PC #216,More Subterannean Shunning Ground shenanigans  Check out The Preacher Plays Elden Ring Blind LP: https://www.youtube.com/playlist?list=PL3i528PCsSRMiIxmBmfDTJrbSCtyVBYOA   Check out BlueLizardJello Elden Ring Blind LP: https://www.youtube.com/watch?v=50AwrX_t1Ig&list=PLcdPu6JrcV8QWKcMARNyRjvhitTxxp5Mh #eldenring #eldenringgameplay,https://www.youtube.com/watch?v=ijokELwJCTo
216,Let's Play - Elden Ring PC #217,Even More Subterannean Shunning Ground shenanigans  Check out The Preacher Plays Elden Ring Blind LP: https://www.youtube.com/playlist?list=PL3i528PCsSRMiIxmBmfDTJrbSCtyVBYOA   Check out BlueLizardJello Elden Ring Blind LP: https://www.youtube.com/watch?v=50AwrX_t1Ig&list=PLcdPu6JrcV8QWKcMARNyRjvhitTxxp5Mh #eldenring #eldenringgameplay,https://www.youtube.com/watch?v=jE-AYE_ozRM
217,Let's Play - Elden Ring PC #218,Questing for drops in Leyndell  Check out The Preacher Plays Elden Ring Blind LP: https://www.youtube.com/playlist?list=PL3i528PCsSRMiIxmBmfDTJrbSCtyVBYOA   Check out BlueLizardJello Elden Ring Blind LP: https://www.youtube.com/watch?v=50AwrX_t1Ig&list=PLcdPu6JrcV8QWKcMARNyRjvhitTxxp5Mh #eldenring #eldenringgameplay,https://www.youtube.com/watch?v=PLmRGEs9vuo
218,Let's Play - Elden Ring PC #219,Hooray a climactic episode for Grayworm  Check out The Preacher Plays Elden Ring Blind LP: https://www.youtube.com/playlist?list=PL3i528PCsSRMiIxmBmfDTJrbSCtyVBYOA   Check out BlueLizardJello Elden Ring Blind LP: https://www.youtube.com/watch?v=50AwrX_t1Ig&list=PLcdPu6JrcV8QWKcMARNyRjvhitTxxp5Mh #eldenring #eldenringgameplay,https://www.youtube.com/watch?v=oQ6wPjCP4ko
219,Let's Play - Elden Ring PC #220,Exploring the inner wall of Leyndell  Check out The Preacher Plays Elden Ring Blind LP: https://www.youtube.com/playlist?list=PL3i528PCsSRMiIxmBmfDTJrbSCtyVBYOA   Check out BlueLizardJello Elden Ring Blind LP: https://www.youtube.com/watch?v=50AwrX_t1Ig&list=PLcdPu6JrcV8QWKcMARNyRjvhitTxxp5Mh #eldenring #eldenringgameplay,https://www.youtube.com/watch?v=pEBA9CvKsA8
220,Let's Play - Elden Ring PC #221,More exploration and some interesting events  Check out The Preacher Plays Elden Ring Blind LP: https://www.youtube.com/playlist?list=PL3i528PCsSRMiIxmBmfDTJrbSCtyVBYOA   Check out BlueLizardJello Elden Ring Blind LP: https://www.youtube.com/watch?v=50AwrX_t1Ig&list=PLcdPu6JrcV8QWKcMARNyRjvhitTxxp5Mh #eldenring #eldenringgameplay,https://www.youtube.com/watch?v=5RuVteNTvbk
221,Let's Play - Elden Ring PC #222,A little rethinking and a pitstop at a side tomb!  Check out The Preacher Plays Elden Ring Blind LP: https://www.youtube.com/playlist?list=PL3i528PCsSRMiIxmBmfDTJrbSCtyVBYOA   Check out BlueLizardJello Elden Ring Blind LP: https://www.youtube.com/watch?v=50AwrX_t1Ig&list=PLcdPu6JrcV8QWKcMARNyRjvhitTxxp5Mh #eldenring #eldenringgameplay,https://www.youtube.com/watch?v=-nqC4sOBxQE
222,Let's Play - Elden Ring PC #223,Getting to the next big thing...  Check out The Preacher Plays Elden Ring Blind LP: https://www.youtube.com/playlist?list=PL3i528PCsSRMiIxmBmfDTJrbSCtyVBYOA   Check out BlueLizardJello Elden Ring Blind LP: https://www.youtube.com/watch?v=50AwrX_t1Ig&list=PLcdPu6JrcV8QWKcMARNyRjvhitTxxp5Mh #eldenring #eldenringgameplay,https://www.youtube.com/watch?v=2DaijIwgF74
223,Let's Play - Elden Ring PC #224,"Brr, it's cold up here!  Check out The Preacher Plays Elden Ring Blind LP: https://www.youtube.com/playlist?list=PL3i528PCsSRMiIxmBmfDTJrbSCtyVBYOA   Check out BlueLizardJello Elden Ring Blind LP: https://www.youtube.com/watch?v=50AwrX_t1Ig&list=PLcdPu6JrcV8QWKcMARNyRjvhitTxxp5Mh #eldenring #eldenringgameplay",https://www.youtube.com/watch?v=yzbIZzqAqY8
224,Let's Play - Elden Ring PC #225,"The Preacher Plays and Grayworm take on the Auriza Crucible Knights!  What a blast.  Check out @preacherplays channel for more good times. Also, I would be remiss to not mention @BlueLizardJello who is one of the best From Soft channels to watch as well - as I met TPP from BLJ discord.  Anyway this is a longduckdong video because the struggle is real!  Check out The Preacher Plays Elden Ring Blind LP: https://www.youtube.com/playlist?list=PL3i528PCsSRMiIxmBmfDTJrbSCtyVBYOA   Check out BlueLizardJello Elden Ring Blind LP: https://www.youtube.com/watch?v=50AwrX_t1Ig&list=PLcdPu6JrcV8QWKcMARNyRjvhitTxxp5Mh #eldenring #eldenringgameplay",https://www.youtube.com/watch?v=dQsiJwkNS-E
225,Let's Play - Elden Ring PC #227,Catacombs of the Giants #eldenring #eldenringgameplay,https://www.youtube.com/watch?v=a35sJaNw3Nc
226,Let's Play - Elden Ring PC #226,Clearing the Ruins of Zamor and fighting the Knights! #eldenring #eldenringgameplay,https://www.youtube.com/watch?v=x0i85Tn79SI
227,Let's Play - Elden Ring PC #228,The sewers beneath Leyndell and the Dung Eater #eldenring #eldenringgameplay,https://www.youtube.com/watch?v=Q2-bFDb7_TI
228,Let's Play - Elden Ring PC #229,Battling monks of fire across the big wall of giants #eldenring #eldenringgameplay,https://www.youtube.com/watch?v=gOA1HVg3uG4
229,Let's Play - Elden Ring PC #231,Deadies and frozen area explorations. #eldenring #eldenringgameplay,https://www.youtube.com/watch?v=dJ632spAXhM
230,Let's Play - Elden Ring PC #230,WHAT A JERK! #eldenring #eldenringgameplay,https://www.youtube.com/watch?v=xxZF3ULn4y8
231,Let's Play - Elden Ring PC #232,You win game! #eldenring #eldenringgameplay,https://www.youtube.com/watch?v=G8MN5yR9H0w
232,Let's Play - Elden Ring PC LOLTAKE #1,I had to cheer myself up by watching how ridiculous things got in Castle Sol in slow motion. #eldenring #eldenringgameplay,https://www.youtube.com/watch?v=h5rXLXtbTxw
233,Let's Play - Elden Ring PC #233,Grayworm's loose ends turn into sore ends #eldenring #eldenringgameplay,https://www.youtube.com/watch?v=NjoGT1ZYzL8
234,Let's Play - Elden Ring PC #234,A return to Liurnia  0:03:05 Cam on 0:03:15 Into the upside down 0:03:41 Into the upside down 0:16:50 Towards the tower 0:31:31 Censored for your enjoyment 0:37:36 Opening the tower 0:38:15 Ascended 0:39:11 Cursemark obtained 0:40:02 Stargazer Heirloom Talisman 0:42:30 Retrurn to Fia 0:44:46 Radiant Baldachin's Blessing #eldenring #eldenringgameplay,https://www.youtube.com/watch?v=wRywTzz-YxM
235,Let's Play - Elden Ring PC #236,Spirit caller cave of doom ugh... #eldenring #eldenringgameplay,https://www.youtube.com/watch?v=8ZsH6FM0PW0
236,Let's Play - Elden Ring PC #235,Grayworm gets magical - thanks to @NizarGG  for the great INT/DEX Build https://www.youtube.com/watch?v=AmpP-SY1gLI  Also the late game Nightblade evolution build: https://www.youtube.com/watch?v=S6lqw1l43U4 #eldenring #eldenringgameplay,https://www.youtube.com/watch?v=V4QIBxhojZg
237,Let's Play - Elden Ring PC #237,The Spirit Caller Cave is horrible and awesome. #eldenring #eldenringgameplay,https://www.youtube.com/watch?v=yeH9Dck9_OA
238,Let's Play - Elden Ring PC #238,"Oh, hello Vyke. #eldenring #eldenringgameplay",https://www.youtube.com/watch?v=GqcqatTWtHI
239,Let's Play - Elden Ring PC #239,The Heretical Rise #eldenring #eldenringgameplay,https://www.youtube.com/watch?v=yelleleMqEs
240,Let's Play - Elden Ring PC #240,Garrison of Fire on the way to the big cup #eldenring #eldenringgameplay,https://www.youtube.com/watch?v=BzNb-7qiquI
241,Let's Play - Elden Ring PC #241,Sorry for the long pause in the series. We had a death in the family.  Grayworm also is respecing to use greatswords because it's FUN! #eldenring #eldenringgameplay,https://www.youtube.com/watch?v=aRyddvmQcjM
242,Let's Play - Elden Ring PC #242,Castle Sol and Commander Niall #eldenring #eldenringgameplay,https://www.youtube.com/watch?v=Kw1FPoB4Av8
243,Let's Play - Elden Ring PC #243,Hidden path to the Halig Tree #eldenring #eldenringgameplay,https://www.youtube.com/watch?v=gH9ovEi1IU4
244,Let's Play - Elden Ring PC #244,Consecrated garbage juice and astel of the kitty litter #eldenring #eldenringgameplay,https://www.youtube.com/watch?v=Ot8btWWcnPw
245,Let's Play - Elden Ring PC #245,Astel Blade of Darkness and the Yelough Annex Tunnel #eldenring #eldenringgameplay,https://www.youtube.com/watch?v=s_74Zl91fo4
246,Let's Play - Elden Ring PC #246,Araganthy and Okina meet Grayworm! #eldenring #eldenringgameplay,https://www.youtube.com/watch?v=D_uiQO0RUbs
247,Let's Play - Elden Ring PC #247,Sewer mohg and the back scratchers #eldenring #eldenringgameplay,https://www.youtube.com/watch?v=k4GQwJMCvoQ
248,Let's Play - Elden Ring PC #248,Deep root depths tree climbing (and falling) #eldenring #eldenringgameplay,https://www.youtube.com/watch?v=Y5Suh_Bm98U
249,Let's Play - Elden Ring PC #249,"Seems familiar, and whoa, it's D! #eldenring #eldenringgameplay",https://www.youtube.com/watch?v=XlByZ-fKr-4
250,Let's Play - Elden Ring PC #250,Bloody big Mohg and Oleg and Mimic reach their peak! #eldenring #eldenringgameplay,https://www.youtube.com/watch?v=8wIRKwLXMps
251,Let's Play - Elden Ring PC #251,Trying to get to the lake of rot! #eldenring #eldenringgameplay,https://www.youtube.com/watch?v=jNc8JhiywmE
252,Let's Play - Elden Ring PC #252,Eternal City of Nokstella and running from the balls.  Great Elden Ring YouTubers I mentioned: @BlueLizardJello @preacherplays @DomsRoundtable @nottherealspartan @PerfectlyLost @quoppp6169 @Bushy @tulokmango6684 @ChaseTheBro #eldenring #eldenringgameplay,https://www.youtube.com/watch?v=QaoC3fUqZ5Y
253,Let's Play - Elden Ring PC #253,Finally! The Lake of Rot!  Friends of Grymmjack: https://www.youtube.com/@UCZ59sO0IQRmYHQwcfC5exzw  https://www.youtube.com/@UCZop2qrGsvtr8y1gCbwNNqg #eldenring #eldenringgameplay,https://www.youtube.com/watch?v=7DJsrEuVozg
254,Let's Play - Elden Ring PC #254 (Commentary Only),"Crossing the Lake of Rot we encounter a dragonkin and an alabaster lord!  So there is no sound at all, somehow my OBS didn't record any audio. I have provided commentary instead.  Check out these fine YouTubers mentioned in this video: @BlueLizardJello @preacherplays @Bushy @nottherealspartan   Sorry about the audio glitch! #eldenring #eldenringgameplay",https://www.youtube.com/watch?v=aBVByVkeACo
255,Let's Play - Elden Ring PC #255 (Commentary Only),"The Grand Cloister and Astel Star of Darkness.  Make sure to check out @tarnishedarchaeologist series I mentioned: https://www.youtube.com/playlist?list=PLrxAMoEujZsuCrNhCEG_qcsS5nomPymVk  So there is no sound at all, somehow my OBS didn't record any audio. I have provided commentary mixed with the OST instead.   Sorry, thanks for watching! #eldenring #eldenringgameplay",https://www.youtube.com/watch?v=GwMVMDQ27Nc
256,Let's Play - Elden Ring PC #257,Moonlight Altar Part 2/2  Check out these channels: @BlueLizardJello @preacherplays @DomsRoundtable #eldenring #eldenringgameplay,https://www.youtube.com/watch?v=HzzBpPOQh_s
257,Let's Play - Elden Ring PC #256,Moonlight Altar Part 1/2  Check out these channels: @BlueLizardJello @preacherplays @DomsRoundtable #eldenring #eldenringgameplay,https://www.youtube.com/watch?v=z-RW0Uf5fbc
258,Let's Play - Elden Ring PC #258,Saying goodbye to a good friend and also a jerk  Check out these channels: @BlueLizardJello @preacherplays @DomsRoundtable #eldenring #eldenringgameplay,https://www.youtube.com/watch?v=0YWVZ0_seis
259,Let's Play - Elden Ring PC #259,Consecrated Snow Fields and pain... lots of pain.  Check out these channels: @BlueLizardJello @preacherplays @DomsRoundtable #eldenring #eldenringgameplay,https://www.youtube.com/watch?v=oMxwT9_8cHY
260,Let's Play - Elden Ring PC #260,Latenna and more Snow Field shenanigans!  Check out these channels: @BlueLizardJello @preacherplays @DomsRoundtable​ #eldenring #eldenringgameplay,https://www.youtube.com/watch?v=NAxeDgoowvg
261,Let's Play - Elden Ring PC #261,Ordina Town of Liturgy and finally the Halig Tree!  Check out these channels: @BlueLizardJello @preacherplays @DomsRoundtable​ #eldenring #eldenringgameplay,https://www.youtube.com/watch?v=Zmjs__p1d3o
262,Let's Play - Elden Ring PC #262,Halig Tree Part 1  Check out these channels: @BlueLizardJello @preacherplays @DomsRoundtable​ #eldenring #eldenringgameplay,https://www.youtube.com/watch?v=D3FjqO3HzNw
263,Let's Play - Elden Ring PC #263,Halig Tree Part 2  Check out these channels: @BlueLizardJello @preacherplays @DomsRoundtable​ #eldenring #eldenringgameplay,https://www.youtube.com/watch?v=ggGf2zgVdgs
264,Let's Play - Elden Ring PC #264,Fire Giant!  @CarbotAnimations Fire Giant cartoon is hillarious! https://www.youtube.com/watch?v=OVEMYj3I_Ik  12:25 - First Attempt 36:30 - Many attempts later - Time lapse 43:41 - Final attempt 51:50 - Talk to Melina and commit a cardinal sin 52:33 - Cut scene of the kindling 55:30 - Crumbling Farum Azula - AT LAST!  Check out these channels: @BlueLizardJello @preacherplays @DomsRoundtable​ #eldenring #eldenringgameplay,https://www.youtube.com/watch?v=ZGd7fvZXB7o
265,Let's Play - Elden Ring PC #265,Tying up some loose Ends across the lands between  Check out these channels: @BlueLizardJello @preacherplays @DomsRoundtable​ #eldenring #eldenringgameplay,https://www.youtube.com/watch?v=rM0iJ-rpJTo
266,Let's Play - Elden Ring PC #266,"Trying to fix my game, and tying up some more loose ends  Check out these channels: @BlueLizardJello @preacherplays @DomsRoundtable​ #eldenring #eldenringgameplay",https://www.youtube.com/watch?v=7VoxK97beC4
267,Let's Play - Elden Ring PC #267,Crumbling Farum Azula at last!  Check out these channels: @BlueLizardJello @preacherplays @DomsRoundtable​ #eldenring #eldenringgameplay,https://www.youtube.com/watch?v=x9tytam_FS0
268,Let's Play - Elden Ring PC #268,Crumbling Farum Azula exploration  Check out these channels: @BlueLizardJello @preacherplays @DomsRoundtable​ #eldenring #eldenringgameplay,https://www.youtube.com/watch?v=kVYBQLyzxIM
269,Let's Play - Elden Ring PC #269,Crumbling Farum Azula exploration again  Check out these channels: @BlueLizardJello @preacherplays @DomsRoundtable​ #eldenring #eldenringgameplay,https://www.youtube.com/watch?v=3U57Ic7-Eow
270,Let's Play - Elden Ring PC #270,Crumbling Farum Azula and OMG!  Check out these channels: @BlueLizardJello @preacherplays @DomsRoundtable​ #eldenring #eldenringgameplay,https://www.youtube.com/watch?v=5qmFzSa2F_M
271,Let's Play - Elden Ring PC #271,Crumbling Farum Azula exploration yet still again  Check out these channels: @BlueLizardJello @preacherplays @DomsRoundtable​ #eldenring #eldenringgameplay,https://www.youtube.com/watch?v=gCGuwo9CbmM
272,Let's Play - Elden Ring PC #272,Crumbling Farum Azula never ends.  Check out these channels: @BlueLizardJello @preacherplays @DomsRoundtable​ #eldenring #eldenringgameplay,https://www.youtube.com/watch?v=qGEWXnCtWpo
273,Let's Play - Elden Ring PC #273,"Hey guess where we are still? Wait, whothewhatthe?  Check out these channels: @BlueLizardJello @preacherplays @DomsRoundtable​ #eldenring #eldenringgameplay",https://www.youtube.com/watch?v=PWrPf5_yr2M
274,Let's Play - Elden Ring PC #274,Crumbling Farum Azula finale!  Check out these channels: @BlueLizardJello @preacherplays @DomsRoundtable​ #eldenring #eldenringgameplay,https://www.youtube.com/watch?v=SCu6AGG3LOc
275,Let's Play - Elden Ring PC #275,Alexander!  Check out these channels: @BlueLizardJello @preacherplays @DomsRoundtable​ #eldenring #eldenringgameplay,https://www.youtube.com/watch?v=H_fgG4FH344
276,Let's Play - Elden Ring PC #276,More like placida-sucks.   Check out these channels: @BlueLizardJello @preacherplays @DomsRoundtable​ #eldenring #eldenringgameplay,https://www.youtube.com/watch?v=QoV0qvpNZlc
277,Let's Play - Elden Ring PC #277,Placida-sucks bad.  Check out these channels: @BlueLizardJello @preacherplays @DomsRoundtable​ #eldenring #eldenringgameplay,https://www.youtube.com/watch?v=pCjufdVmpzY
278,Let's Play - Elden Ring PC #278,A Return to Leyndell Ashen Capital  Check out these channels: @BlueLizardJello @preacherplays @DomsRoundtable​ #eldenring #eldenringgameplay,https://www.youtube.com/watch?v=QHqjLpXFaRo
279,Let's Play - Elden Ring PC #279,Elphael Brace of the Halig Tree Part 1  Check out these channels: @BlueLizardJello @preacherplays @DomsRoundtable​ #eldenring #eldenringgameplay,https://www.youtube.com/watch?v=GKbT6y9MqGw
280,Let's Play - Elden Ring PC #280,Elphael Brace of the Halig Tree Part 2  Check out these channels: @BlueLizardJello @preacherplays @DomsRoundtable​ #eldenring #eldenringgameplay,https://www.youtube.com/watch?v=ethwxULlAtk
281,Let's Play - Elden Ring PC #281,Milenia  Check out these channels: @BlueLizardJello @preacherplays @DomsRoundtable​ #eldenring #eldenringgameplay,https://www.youtube.com/watch?v=UMR6SWjv020
282,Let's Play - Elden Ring PC #282,Milicent and favors  Check out these channels: @BlueLizardJello @preacherplays @DomsRoundtable​ #eldenring #eldenringgameplay,https://www.youtube.com/watch?v=cL-dcZi5cbc
283,Let's Play - Elden Ring PC #283,Milicent finds peace  Check out these channels: @BlueLizardJello @preacherplays @DomsRoundtable​ #eldenring #eldenringgameplay,https://www.youtube.com/watch?v=J0qpjq1gkRc
284,Let's Play - Elden Ring PC #284,The final showdown.  Check out these channels: @BlueLizardJello @preacherplays @DomsRoundtable​ #eldenring #eldenringgameplay,https://www.youtube.com/watch?v=JnBHU6xeZDY
285,Let's Play - Elden Ring PC #285,The end of the long road.  Check out these channels: @BlueLizardJello @preacherplays @DomsRoundtable​ #eldenring #eldenringgameplay,https://www.youtube.com/watch?v=NjK3g08HKXI
286,Let's Play - Elden Ring PC #286,Jar Arsenal and Wardead Catacombs  Check out these channels: @BlueLizardJello @preacherplays @DomsRoundtable​ #eldenring #eldenringgameplay,https://www.youtube.com/watch?v=ZxiSsto0Dpo
